RP3618.pdf,workspace://SpacesStore/a52217f5-67dd-4625-906e-2b844b48c7ca,252600565719
RP3608.pdf,workspace://SpacesStore/0644003d-4265-4c58-ac70-a5002592dd97,252600287771
RP3616.pdf,workspace://SpacesStore/3e8b0931-55ec-4013-a5a9-c47bc02b52a6,252600437205
RP3613.pdf,workspace://SpacesStore/192128a3-b35d-4cbd-ad31-a65eac3cbe82,252511045563
RP3613.pdf,workspace://SpacesStore/041d841e-67d9-43e7-9566-c410b9c32bea,252600406451
RP3611.pdf,workspace://SpacesStore/c3c24e3d-d289-484f-9a51-b775b85515cc,252600429040
RP3612.pdf,workspace://SpacesStore/7e2e0222-1ac4-4549-ae3d-a143517e950f,252600323358
RP3609.pdf,workspace://SpacesStore/1975c028-8cfa-400a-a743-42adac7048ef,252600280113
RP3619.pdf,workspace://SpacesStore/d0ba4a97-0d4e-4aad-b38a-cb1692a560e8,252600469539
RP3606.pdf,workspace://SpacesStore/38990db2-afba-4dc0-8786-fc04c5e92f27,252600269395
RP3610.pdf,workspace://SpacesStore/e2fd5a43-a4d8-45f2-a0b2-dd22f269662c,252600270945
RP3615.pdf,workspace://SpacesStore/ffb0fe4a-2815-43af-9ecd-12be70fb3e19,252600397887
RP3611.pdf,workspace://SpacesStore/33082325-5b6d-44ed-896d-0b1f4d32dc9f,252511106592
RP3614.pdf,workspace://SpacesStore/e5b2bb83-89bb-4cb9-9f80-5c84a62505f8,252600403233
RP3612.pdf,workspace://SpacesStore/0e21331b-006a-44c4-9f1b-fcf5c3360a22,252511032785
RP3607.pdf,workspace://SpacesStore/342d2397-a511-490c-bb22-d6994b1d11c2,252600295243
RP3617.pdf,workspace://SpacesStore/ecafd426-a66b-48df-82ab-ce8f0df83e65,252600473441
RP3606.pdf,workspace://SpacesStore/23e8dd90-7191-4ed1-87fd-1d8e56ec1afd,252511167377
RP3621.pdf,workspace://SpacesStore/b3d2a521-f5ad-45f0-a7b1-6f1ac29b2b12,252899414599
RP3620.pdf,workspace://SpacesStore/ef443f0d-6a2a-4d2b-b85b-0efe58d43a9b,252899671486
RP1058.pdf,workspace://SpacesStore/d51b5cb3-a2b5-405d-8d53-841a5c3f3562,252932050071
RP104.pdf,workspace://SpacesStore/bab8d5b6-e452-4ef0-b088-64c4c1d4a5a7,252931863945
RP1084.pdf,workspace://SpacesStore/27272527-fb1e-4118-8c08-8131fbd95c65,252933401534
RP1057.pdf,workspace://SpacesStore/1bc0d017-1eba-4461-9773-b94d12e7e32e,252932271329
RP1052.pdf,workspace://SpacesStore/20b16dec-52f3-48b7-a41a-5379c791b403,252931705124
RP3067.pdf,workspace://SpacesStore/87e7f2a3-602f-4d72-b23a-7f9390e77f7f,252938752227
RP1066.pdf,workspace://SpacesStore/1a633f5b-78b0-4b0a-b696-cac9cf265f3a,252933650008
RP1026.pdf,workspace://SpacesStore/96829e04-5510-4690-8a4f-6e5c658e3653,252929395911
RP11.pdf,workspace://SpacesStore/a0b9b367-ea3e-47f0-9a48-852efb8c357b,252933398271
RP1109.pdf,workspace://SpacesStore/db86f7b3-d492-45b2-b8ea-6a7d04dc1021,252937457239
RP295.pdf,workspace://SpacesStore/59831a06-48b9-44e2-a14f-e8ecf7bb15d0,252936618291
RP10.pdf,workspace://SpacesStore/5e7d09bf-23ac-42af-9734-11cd66bd7312,252926846136
RP1024.pdf,workspace://SpacesStore/62de2282-f755-4e1e-9a12-b8d367bb1a94,252929651033
RP1050.pdf,workspace://SpacesStore/44001392-7621-413c-9b40-9902d424e248,252933839355
RP303.pdf,workspace://SpacesStore/afad0d10-c9b8-454e-bc6e-314a65a8a1f8,252937703657
RP1041.pdf,workspace://SpacesStore/f8e2f456-009b-4514-a40e-984a04f88214,252932070561
RP175.pdf,workspace://SpacesStore/f0dde72c-aee4-4d5e-9622-288c4dcabc94,252937920506
RP109.pdf,workspace://SpacesStore/2af8a798-8a86-4354-b71c-3fcc46a01514,252936678914
RP1017.pdf,workspace://SpacesStore/e949733c-bbf8-45e2-8419-7de54ace1583,252931753602
RP1048.pdf,workspace://SpacesStore/7d593f0b-3886-41b5-a48d-4d2cc9520688,252932765559
RP1068.pdf,workspace://SpacesStore/9a5c6a2a-c30f-487c-95a3-33baff8038b7,252931873521
RP111.pdf,workspace://SpacesStore/e1a6fe13-fb15-4a1d-a8c4-0a6c2e45a05b,252937389700
RP1012.pdf,workspace://SpacesStore/91afa98a-8859-414b-8745-15aa9e434c23,252928548661
RP1062.pdf,workspace://SpacesStore/2c9bfe2f-a8aa-4299-82d2-20d651f3bd67,252934357983
RP1028.pdf,workspace://SpacesStore/9b14905b-2479-430a-9839-f7ae8893dd4c,252930190905
RP226.pdf,workspace://SpacesStore/7df723c2-d89c-4296-ae14-0dca7fc620e6,252937548855
RP1016.pdf,workspace://SpacesStore/359b8abd-2f5b-491d-9776-903436d476e2,252928989261
RP1119.pdf,workspace://SpacesStore/b546243f-a741-4f32-92a7-0e517740e1a0,252938586125
RP100.pdf,workspace://SpacesStore/401f8256-9dc1-4878-b5e6-2cce1fcb6c60,252929192295
RP1043.pdf,workspace://SpacesStore/fa59ead7-6de9-4122-8da8-f119d39a5221,252934170257
RP1070.pdf,workspace://SpacesStore/33bdc515-0b4a-4dac-a0fb-f55453ab67e7,252932373977
RP3075.pdf,workspace://SpacesStore/09581717-9328-4cc0-be9d-e9c2f1944963,252938825118
RP107.pdf,workspace://SpacesStore/f3f96e71-5559-41e3-b06b-64f61f10fe81,252931884190
RP110.pdf,workspace://SpacesStore/a3e907ad-950b-4a55-976e-47840ea0e411,252936797789
RP1022.pdf,workspace://SpacesStore/4731c33e-5419-47a1-abe2-39150115df8b,252929069706
RP1103.pdf,workspace://SpacesStore/3b36e9a3-442c-46cb-97fb-8d741df37908,252933473333
RP1006.pdf,workspace://SpacesStore/0315bae4-8c0f-4a4f-b118-5edd2b5e8480,252927977321
RP1106.pdf,workspace://SpacesStore/2bb1862d-0e22-4f33-bff5-d31a4552a755,252937829805
RP1019.pdf,workspace://SpacesStore/311e5d2f-8248-4fd1-8ab6-46654f4ff4d2,252928384597
RP1059.pdf,workspace://SpacesStore/89565a07-b21b-456c-8bd2-3ec9a76c88ee,252931378419
RP3046.pdf,workspace://SpacesStore/27f7e239-44d7-476c-beed-475ceeaf5686,252936661425
RP1023.pdf,workspace://SpacesStore/e35a2849-c9a9-4db7-b013-9e783989c049,252931566886
RP1060.pdf,workspace://SpacesStore/e52a1389-7ab5-4bdc-b750-6320e002634f,252935404952
RP1071.pdf,workspace://SpacesStore/0ea7ef8d-ed0f-4246-ba88-f579aa31c6a0,252934028723
RP1018.pdf,workspace://SpacesStore/16d19bb0-cf4b-42cd-bc86-5ac89e611b6d,252930996310
RP103.pdf,workspace://SpacesStore/9ae2a290-3f1f-4c73-b48d-1595b852e7a6,252931608668
RP1005.pdf,workspace://SpacesStore/1d2a171a-6c5d-4eb5-8b72-302219dac5cd,252928247879
RP1051.pdf,workspace://SpacesStore/f6a7df14-6ec8-4a00-88c6-1977f9ce593e,252931687970
RP216.pdf,workspace://SpacesStore/ce1da2c5-57c0-4aa7-ad67-05ec2b89fdc9,252939310813
RP304.pdf,workspace://SpacesStore/bde601f0-863d-4bcc-9916-814bbc8b34c6,252937649005
RP1898.pdf,workspace://SpacesStore/d5901e38-3e26-4f74-97da-583cfac4acbd,252939769131
RP1027.pdf,workspace://SpacesStore/631a74af-3b75-4e9c-b910-dd21ef2d05f2,252933159416
RP1004.pdf,workspace://SpacesStore/ab09088f-533f-430e-b878-e4f8e02814ec,252929977497
RP1061.pdf,workspace://SpacesStore/76646f7e-7e54-4d33-ad80-80e7998dbf5c,252932599566
RP1056.pdf,workspace://SpacesStore/19aa2ce5-f124-42e2-8930-8f8bd634dee6,252932006048
RP3058.pdf,workspace://SpacesStore/0f48ec64-579c-4f05-98c6-e258fb3de712,252937638432
RP3034.pdf,workspace://SpacesStore/0cb0c1ad-e3ee-4ec1-a98d-b4d90ef9dbe3,252936625314
RP1089.pdf,workspace://SpacesStore/1ca86ea7-0719-4711-b18f-62f989bb8ae9,252934456527
RP1120.pdf,workspace://SpacesStore/674d3ea5-fdb4-4331-970a-4b729cde6a4a,252938599949
RP1077.pdf,workspace://SpacesStore/247a7dea-2ede-4748-a455-7cd3463ee2dd,252933404889
RP279.pdf,workspace://SpacesStore/59f3f7a7-d57c-4f05-9a45-bb63be50f50e,252939415122
RP1009.pdf,workspace://SpacesStore/3f5e2d24-887f-4647-9772-6803c72b7606,252930912222
RP1072.pdf,workspace://SpacesStore/d0750849-2900-4bfc-a283-f4553176bf29,252932682853
RP108.pdf,workspace://SpacesStore/2db84fe1-db9b-4943-8680-391716596b30,252934484842
RP1104.pdf,workspace://SpacesStore/9e5ea4be-b8fe-4eb9-9e0d-bc1e0742eade,252933849930
RP1099.pdf,workspace://SpacesStore/3b913e0d-2a7c-4678-8929-ccd213a41f4a,252937039960
RP1025.pdf,workspace://SpacesStore/0781eb68-86df-44ab-8b23-98ca14dce061,252928743655
RP1015.pdf,workspace://SpacesStore/c9155319-94ca-4e7d-88a5-8127817fb512,252927696590
RP1042.pdf,workspace://SpacesStore/cdda56fd-385d-46e5-a8c1-7c5abcb18aec,252932523916
RP434.pdf,workspace://SpacesStore/7e727218-695a-4ccb-b4c5-903a95ef77e7,252938436363
RP1055.pdf,workspace://SpacesStore/7d9e4bc9-876c-445a-9eb1-58caf9462d08,252932010542
RP1013.pdf,workspace://SpacesStore/1d7b6972-de6c-454a-8e35-fcafe7f45b8b,252928040852
RP101.pdf,workspace://SpacesStore/49511d15-8884-4f29-b331-4af07ed12c88,252929259579
RP1.pdf,workspace://SpacesStore/b964c751-bbfb-4652-857d-973cf6c9ba55,252928492949
RP3183.pdf,workspace://SpacesStore/1d1d5cbe-7895-4c7b-81fe-b088e3430433,252938443004
RP3005.pdf,workspace://SpacesStore/d8ddbd60-0ce9-43d4-bd5b-7a33f75a9848,252939104765
RP1053.pdf,workspace://SpacesStore/989f1544-f86d-4eea-b09c-47edf96274bd,252933476446
RP1021.pdf,workspace://SpacesStore/669afbff-e457-440b-a71e-2194626dbd0a,252929066488
RP3060.pdf,workspace://SpacesStore/c55bb525-09fb-492c-8049-8586e0598e96,252937657633
RP1087.pdf,workspace://SpacesStore/86039d73-9d48-4082-96e5-89cd5f640c6a,252933411959
RP106.pdf,workspace://SpacesStore/26d03a86-dc07-4799-9373-05711beadae4,252935592267
RP3059.pdf,workspace://SpacesStore/e4a98020-55d8-4263-b006-45a8c00521f8,252939150108
