P89.pdf,workspace://SpacesStore/29659547-932a-4097-8715-420bf806b0fa,217693217033
E606A.pdf,workspace://SpacesStore/ded7920c-f9bb-4841-9a7c-d31d37b7c5e2,203371388469
E165.pdf,workspace://SpacesStore/6c436aa5-cb22-4872-b9bf-eacb453413ce,197002277501
OB91B.pdf,workspace://SpacesStore/718df6fb-324f-4da6-a771-3a9df11c7237,208063146388
OIT102.pdf,workspace://SpacesStore/135452cd-6f49-4a8c-ae39-bf9df8775d0c,208499252415
M104.pdf,workspace://SpacesStore/5518d61b-ceb2-4a40-9371-e451a9fb12ed,204995016893
FT64.pdf,workspace://SpacesStore/4d7463a9-9c6e-47ef-b361-4d77651e0036,204516411389
A90R2.pdf,workspace://SpacesStore/3f999b1b-6658-4b87-9e74-3fb0d39d787b,181352029782
P86.pdf,workspace://SpacesStore/0e7f3d08-2194-4e71-b35b-2f1ceb61ad75,217692625293
SI94B.pdf,workspace://SpacesStore/ab004f2f-d070-45b3-80ac-4bd12acf7253,219792345270
SM11.pdf,workspace://SpacesStore/2f73f221-1ede-4b4b-abb1-a434a11e1e44,220198102398
FNT17.pdf,workspace://SpacesStore/71478003-44d6-412c-84c0-34027fdc5305,204512882304
SI68.pdf,workspace://SpacesStore/abb1393c-827a-4a0b-906e-c6f609c71df8,219795296787
E33.pdf,workspace://SpacesStore/4264708d-ede2-42b6-83ef-42e1deabf8f9,195942664296
M164.pdf,workspace://SpacesStore/c8e195bb-d6ad-42aa-9cc3-fc8ec6a3c4b9,204988275095
RM4.pdf,workspace://SpacesStore/f29dbd36-d32d-40d2-ac61-67fda207d080,219782446603
OSA1.pdf,workspace://SpacesStore/52f42a13-0dd3-43e0-8854-23d747185a78,217572765598
E360.pdf,workspace://SpacesStore/d8f7c63a-42eb-47f2-bfc8-5841129a6856,197365746715
SI125.pdf,workspace://SpacesStore/9579bb5d-ab95-4c33-875a-4712ad4eaaa8,219988435757
BP100.pdf,workspace://SpacesStore/46d6bf84-8714-43ad-8daa-a3b6a38d790b,195563626106
RE35.pdf,workspace://SpacesStore/ef2058b9-a551-42e5-8ee1-e2ab75dc3192,219770207284
A126N.pdf,workspace://SpacesStore/c049e661-c586-4dff-8adc-abeaf492a7e3,181922433860
DS60.pdf,workspace://SpacesStore/b9e45e29-c599-4713-a65a-5345659faeaa,195934598306
A91.pdf,workspace://SpacesStore/7b6131d0-139c-473a-96bf-e8383675eb72,181351969181
M9.pdf,workspace://SpacesStore/66357971-9f96-4da8-9e32-9699c8e86ca2,204997092950
E359.pdf,workspace://SpacesStore/40c377b9-f554-4928-b57b-a1d71ced6280,197367943784
E252.pdf,workspace://SpacesStore/5ae82cff-1816-4f98-bed1-9ea9ff061d7c,197008577815
RE68.pdf,workspace://SpacesStore/43f29e78-4c04-459d-9d6f-68200bb7f8c6,219777529834
BP54.pdf,workspace://SpacesStore/b994e63c-f324-4263-a16a-f9da6008cbdc,195562662797
E216.pdf,workspace://SpacesStore/26d065ef-f3cc-478e-aea4-e7e64374b13c,197005262865
M264.pdf,workspace://SpacesStore/bb540676-9f94-4c18-86b2-6c7b7656a6f2,204984033148
DS69A.pdf,workspace://SpacesStore/18ea8599-85b4-403d-a2c7-9d61ca37f6f0,195934197375
SI106B.pdf,workspace://SpacesStore/fd040484-b9c8-4376-85d7-241e7d338b22,219974499603
E384.pdf,workspace://SpacesStore/dc60f78d-a5a2-493f-9309-e11600aafe34,197367440790
SI62.pdf,workspace://SpacesStore/19f9cf3c-ad42-4e8b-84ff-956f03d53d8f,219793087011
OB1.pdf,workspace://SpacesStore/3720b163-113b-4f49-ba13-5217c915a755,205476950798
M244.pdf,workspace://SpacesStore/6ede8c3f-3d91-4c2d-a28d-98255194fc48,204993900741
E435A.pdf,workspace://SpacesStore/ced7d20f-a057-4384-848a-e238fcbfd33e,197374469557
SI118.pdf,workspace://SpacesStore/0d34d712-e1ad-4338-aa34-ccadb56c8dd4,219985842973
E65.pdf,workspace://SpacesStore/48430123-1224-4b15-a83a-e23740e32b31,238377894878
BP110.pdf,workspace://SpacesStore/33252319-0169-4764-8346-7f080da15d79,195556682831
F24.pdf,workspace://SpacesStore/1edd1dfb-de04-480c-a91b-68c6bd9eb10e,203768330409
A17.pdf,workspace://SpacesStore/7015ac6f-e431-4fc0-94f8-fa4a0bf11ef3,194817350277
BP190.pdf,workspace://SpacesStore/a663958c-0eef-4af1-9294-c7aad3257998,195559687352
HR31.pdf,workspace://SpacesStore/08f7077a-cea3-4443-91e1-0340b3a1a50a,204550028382
BP165I.pdf,workspace://SpacesStore/6a887c3b-a591-4bdc-9ae4-ea71e664193d,195561222124
BPP8.pdf,workspace://SpacesStore/02a32df0-e292-44b8-84b1-bb74b656529a,195924937310
E470.pdf,workspace://SpacesStore/b899c8c1-10ba-4bef-8f83-f3a514c2f00b,197381375182
BP214C.pdf,workspace://SpacesStore/de0c169f-35a8-496a-b746-cbce9df3d51e,195558186680
OB36A.pdf,workspace://SpacesStore/00b26968-33fa-4eec-a1bb-94949d5ad686,205943564230
E194.pdf,workspace://SpacesStore/df30b7a4-c2d3-439a-80b0-d7d81fd2750a,196999231544
M318.pdf,workspace://SpacesStore/b59c3708-6739-4eb0-a489-6a2a384474a8,229336756875
E572B.pdf,workspace://SpacesStore/fa37b733-6408-43bc-9941-45089c6c915d,238404739227
E153.pdf,workspace://SpacesStore/f60c37a9-9dce-4065-895c-35e402e9cc13,197001928580
GTM1.pdf,workspace://SpacesStore/112fe0a4-a2d4-4292-84a9-018f8ba9b4cb,204540869151
F93.pdf,workspace://SpacesStore/77e73981-cb92-4176-a8b1-563d072e5b03,203764400220
E41.pdf,workspace://SpacesStore/980a713c-528b-4ace-b0cc-7ffcd4f0c7a8,195943742675
SB142A.pdf,workspace://SpacesStore/111e5d95-fe15-4f1f-aeb9-0890306c1a09,219785038402
E605.pdf,workspace://SpacesStore/0c30260f-a83e-4138-9af2-b39cd9ad2a61,203370447663
M154A.pdf,workspace://SpacesStore/b4f9fd4f-5611-44f2-96c2-e33d267844ef,204987274293
BP221D.pdf,workspace://SpacesStore/ff825442-f9ef-4e57-b584-038413de6166,195558365345
DS33.pdf,workspace://SpacesStore/795c2d88-d6ee-4c15-97a9-9b2d77ef77ca,195935838679
BP191.pdf,workspace://SpacesStore/ffb886e3-3a79-4ddd-a6aa-8e0923b380c7,195561492274
F244.pdf,workspace://SpacesStore/e2122a8b-3583-4541-8e75-05baadd0b25e,203764042958
E55A.pdf,workspace://SpacesStore/4fa7f075-44ca-416f-bb08-fa93be0eb66a,196986103172
HR18.pdf,workspace://SpacesStore/687ddb63-a1b4-407f-b925-ff0a50283894,204552354673
P87.pdf,workspace://SpacesStore/d711d562-f362-41a4-850d-ac0cf230f4ed,217693029917
SM8A.pdf,workspace://SpacesStore/18131917-ff0b-4b08-975c-d1cd79470d27,220198320189
IB107.pdf,workspace://SpacesStore/d07710b3-52a7-49e9-a950-e0bc7474d50f,204561404869
A175A.pdf,workspace://SpacesStore/06fba534-fd7e-403c-8a73-8483a3cb00ab,181342090342
E136.pdf,workspace://SpacesStore/c4da8235-54a3-4b34-a982-43f0bfbd05c2,196991977065
SM210.pdf,workspace://SpacesStore/3fa448d2-d500-4bfc-92dd-003698635181,220231612532
SM61.pdf,workspace://SpacesStore/ffb7f074-c49d-4c94-86c4-3ce893cd52bf,220206455635
DS54.pdf,workspace://SpacesStore/2895259b-3923-4a34-a8b0-2c40a90fa383,195934956182
E152B.pdf,workspace://SpacesStore/e75cf8b2-49e8-4b76-b2c3-e8226bd64f18,197001832342
T154.pdf,workspace://SpacesStore/e99e0ed1-1aca-4409-9546-34e245b11e0f,220666958881
OB91A.pdf,workspace://SpacesStore/13f0a60e-7f8e-47e6-a853-5c0cac962c96,208057844074
OB6.pdf,workspace://SpacesStore/2c88d33f-159a-4592-b50d-c403cb6b7f60,205476357200
RM23R.pdf,workspace://SpacesStore/21a3fcfd-4097-4d61-9789-c0e78ee0c28d,219782533018
MFG793.pdf,workspace://SpacesStore/4c8b2897-d993-4dd8-b4de-56af57295586,205459873340
BP177.pdf,workspace://SpacesStore/bffdcbb3-07a2-4ac3-80f4-170ebbb966db,195561848010
T247.pdf,workspace://SpacesStore/34d8ba5d-1158-4245-a75f-04ebe7faf6dc,220672467909
E123A.pdf,workspace://SpacesStore/542b636e-405d-42ea-9f33-908b6582da0a,196989706052
BP262B.pdf,workspace://SpacesStore/26993711-4ecb-45f3-b5ce-8f86d927eb40,195564525579
MFG725a.pdf,workspace://SpacesStore/98a26d4f-cbee-4e9f-af15-381d219d7b58,205464015270
F167.pdf,workspace://SpacesStore/c1a28002-52d0-400e-a608-8c10cdd68bf6,203771610812
A137N.pdf,workspace://SpacesStore/399fb699-0e35-416a-a14d-b0c0e7f03e82,181920787649
A151.pdf,workspace://SpacesStore/4ceb8e56-61b6-4425-a002-c9e9294426bc,181343517468
OIT81B.pdf,workspace://SpacesStore/d5d97356-32b7-4cdd-8fbf-5611c5a35ff4,208501945962
BP33R.pdf,workspace://SpacesStore/be368c4b-aa11-457f-ba3e-b376f143cef1,195566755230
DS67.pdf,workspace://SpacesStore/d57bacb1-20b4-43ee-b2df-a47b427481ef,195935095164
IDE01.pdf,workspace://SpacesStore/2d26d32e-fbb1-412c-8b2a-ea53eecf027b,204971808155
SPM2.pdf,workspace://SpacesStore/0f24dd0b-42f7-4b8a-9538-f546e6485cd8,220656255042
M143.pdf,workspace://SpacesStore/a55c3d80-cd07-487e-8372-2d3afa230cad,204995585417
GTM6.pdf,workspace://SpacesStore/a20dceb0-191e-484a-906e-9a1f9e947667,204541288860
A145R.pdf,workspace://SpacesStore/5e3393f8-8713-4e07-88ac-d00babd90750,181924915268
T97.pdf,workspace://SpacesStore/cd9d1cff-65f9-4be7-be60-1859902d967a,220668645504
E443.pdf,workspace://SpacesStore/121ed9a9-7884-494d-bf7f-fd738e498df4,197371466155
MM6N.pdf,workspace://SpacesStore/04aee9dd-7c3f-4dac-bea3-c60448800f66,205466392431
OB66.pdf,workspace://SpacesStore/29deab56-28cc-4c27-b90f-376563289df4,205958144661
E512.pdf,workspace://SpacesStore/a6f07f0c-562c-44c8-8f73-26f87c9f448c,197398002104
P3B.pdf,workspace://SpacesStore/e2be9408-ef40-4bea-a1ae-eeb004b00694,217581825313
FT41.pdf,workspace://SpacesStore/3bea3ac8-7c1c-43bc-a056-5648cadb82c9,204513998129
F200R.pdf,workspace://SpacesStore/f5440402-87d8-4c8f-9a18-1f0290089a6f,203772859934
BP154B.pdf,workspace://SpacesStore/98143db8-5207-40a9-b41f-f2d343bf25e7,195561969933
E609.pdf,workspace://SpacesStore/1810b64c-e1d0-4bd2-b9b6-944ed241c32f,203368264536
SM197.pdf,workspace://SpacesStore/becc7c7b-d1af-4ac1-91c3-6b4d817b1083,220228783823
E436A.pdf,workspace://SpacesStore/dc4bdd25-c264-461c-bc6b-2b0cda1926d0,197370149823
A14.pdf,workspace://SpacesStore/884b2b6e-3c9f-4179-9cd5-39c00f1d1a8b,181357765006
BP36B.pdf,workspace://SpacesStore/6f9a8f7d-9718-44b5-85de-30e78e309fbf,195566072399
IB39B.pdf,workspace://SpacesStore/a1f3ca33-d836-43f3-8f7a-3ffdee8ff683,204558599182
T46.pdf,workspace://SpacesStore/a0c327ec-793c-4c05-a263-4647e74c5ed0,220671494512
OSA17.pdf,workspace://SpacesStore/8feda2fb-91b1-4b4e-a50a-d9aa702dcab5,217574932312
M155A.pdf,workspace://SpacesStore/ea50c3a7-5f97-4714-80bf-7d3c29875264,204988979576
T61.pdf,workspace://SpacesStore/ba0934aa-88cb-4048-8274-016e5cc52d48,220670238485
SB4.pdf,workspace://SpacesStore/d81b0099-83e0-4f0f-9230-66fc40027834,219784105052
OIT4A.pdf,workspace://SpacesStore/a446227a-70e1-459a-a23e-274dd5e3f8fe,208503676631
SI6.pdf,workspace://SpacesStore/253a5c92-58b7-419f-99b7-3eb245d1b3eb,219795483476
M101.pdf,workspace://SpacesStore/a020cb30-5e83-41e0-a0e7-8326ed872cd9,204995486526
BP138R.pdf,workspace://SpacesStore/bfe56f9d-f9e8-4162-b37b-7def13ce3a47,195556915584
F114.pdf,workspace://SpacesStore/ae8f6cbf-8897-4164-95d0-86349cba7c86,203769023035
OB48A.pdf,workspace://SpacesStore/b23317da-1bf8-4583-a3f5-975fa03a5009,205478281069
P37.pdf,workspace://SpacesStore/1baa5923-6489-40ac-a1a7-18a586b563e0,217584381202
OIT35.pdf,workspace://SpacesStore/11bacc14-abff-4ba0-8a32-10d79e08e203,208504925640
IDE11.pdf,workspace://SpacesStore/dc70ba42-4c4c-4131-b15b-eaffa6c3c414,204974355578
F43.pdf,workspace://SpacesStore/3aba9417-fef8-481f-b3ff-807847d45bc4,203767129973
M37.pdf,workspace://SpacesStore/c9c12347-ceb3-4943-a679-27a3b4c6fd17,204997322661
RE133.pdf,workspace://SpacesStore/0a40bd3d-862e-49e7-be60-36efd378753e,219763054477
UM4R.pdf,workspace://SpacesStore/66edac61-d6cf-46fb-8714-baeea704c8fb,220677442583
SI134A.pdf,workspace://SpacesStore/967c6e8c-76f2-49ce-86ef-ca2291a6ebbd,219987260710
PM21.pdf,workspace://SpacesStore/b11686a0-de0d-4c3a-9885-96bc6209d7b2,217703084892
M62.pdf,workspace://SpacesStore/e0422f0c-2361-4838-af55-8a22a211b422,204991394185
M311.pdf,workspace://SpacesStore/d5e66679-1765-43c7-ac86-8280f655afca,229338029758
BP206N.pdf,workspace://SpacesStore/bb481822-e24a-4ed6-bdb1-d4b79b490003,221891250907
GS14A.pdf,workspace://SpacesStore/964cb1bc-7178-49f7-8f8e-184803eac705,204527078234
P44.pdf,workspace://SpacesStore/dcfe6d5d-33a1-42d9-b596-a1440c1ee70c,217579648281
A36R.pdf,workspace://SpacesStore/a2e4da8d-1dea-4e44-a57b-f40791000578,181356675931
E204B.pdf,workspace://SpacesStore/d51907f2-ad81-401f-b42d-134e2f4ac1f6,197004725615
T216.pdf,workspace://SpacesStore/78bfeee2-c6c1-4a38-b0dd-66e08b942276,220672375583
F155.pdf,workspace://SpacesStore/d26430b2-4431-48b6-bad6-f94896bb0b54,203772002134
M97.pdf,workspace://SpacesStore/36ee62fa-e9d8-49f8-8d7d-a9bd7cdc90d6,204989866473
E139.pdf,workspace://SpacesStore/e90ffaa6-9f83-4bf2-b555-7751dd15637c,196989309118
E560.pdf,workspace://SpacesStore/98841e02-de97-4bf0-8e22-5be24b488292,238404097754
E85A.pdf,workspace://SpacesStore/37b9288c-d354-495c-9aff-609e0bec5f88,196982396096
BP221C.pdf,workspace://SpacesStore/a686562f-036c-4e45-9f67-cedc978fcbc1,195558322381
E321.pdf,workspace://SpacesStore/b2941d59-db1e-4412-8563-12ea47883739,197360672471
P8-Business358.pdf,workspace://SpacesStore/5d760c06-2a00-4d1b-92c3-7dfadebf91f1,217584785082
F247.pdf,workspace://SpacesStore/181b967f-4a75-42d8-8572-0b6e69cc1831,203763728543
F35.pdf,workspace://SpacesStore/e4793225-5f05-463c-a708-4e667d34b234,203767967010
E76.pdf,workspace://SpacesStore/75126a1f-53c3-4c35-bb9f-0b93573c1003,196982718757
SM127.pdf,workspace://SpacesStore/b9c2a337-f753-429d-9eda-e9c494c816ff,220214685354
P53B.pdf,workspace://SpacesStore/b3316702-0da4-48f3-987f-184699291f18,217688673570
E92.pdf,workspace://SpacesStore/858fef21-0a94-4c0e-80b8-047eaf9174ae,196980471913
BP204N.pdf,workspace://SpacesStore/4499a82c-6cbc-47b1-8d87-f9bec18350bc,195558787439
CG21.pdf,workspace://SpacesStore/4dbf9022-2fbc-4a0a-9bae-41285080d3ab,195928465279
F60.pdf,workspace://SpacesStore/afc0880f-84a1-4d82-82fc-fce8d344356a,203766393467
IB66.pdf,workspace://SpacesStore/ecc9a447-12ef-49a0-b6f8-a1ce2bb85067,204554903918
T174.pdf,workspace://SpacesStore/449ca054-8224-4028-81fa-939d36b60a4a,220666717932
M315.pdf,workspace://SpacesStore/6ebcdc9d-60ca-4984-a5ec-38a8f4735730,229336063182
E422.pdf,workspace://SpacesStore/6ce7ce35-bdab-4cbc-a144-2ef8e2609a68,197375764079
DS73.pdf,workspace://SpacesStore/4e660cc6-5538-48da-9157-13f95857a361,195934726631
BP141.pdf,workspace://SpacesStore/10418c9a-4666-4ab7-9365-8cdb6da5e597,195556909931
E28.pdf,workspace://SpacesStore/8e33cc16-7416-4570-94ce-bd83dceac4db,195947704619
M363A.pdf,workspace://SpacesStore/ef586cdb-a958-4f96-8e6e-5eeb187d9cf7,229446658529
M292A.pdf,workspace://SpacesStore/977e75d8-c365-4a91-81c4-c67e9bb813c2,204983218028
P38.pdf,workspace://SpacesStore/36d754f2-9b03-45fb-afcf-c1fea85e4c8e,217584236867
FT37.pdf,workspace://SpacesStore/b48477ca-ee0c-4cc7-b4a3-4e291b0f0d07,204515126669
E608.pdf,workspace://SpacesStore/fe377edd-3d85-4416-b943-13de59e2ea59,238405298478
SPM40D.pdf,workspace://SpacesStore/6792ab18-400b-449e-95a1-fab0e494eec1,220660938437
F254.pdf,workspace://SpacesStore/51dddf4a-e0d6-4031-a0d0-93701c3f00e5,203774587500
E444.pdf,workspace://SpacesStore/950e4765-d482-49e5-98eb-c3dca8e2b5ae,197375234101
SB70.pdf,workspace://SpacesStore/d5b210a9-bcb8-4795-a0fb-35caf3107ef7,219783504004
BP249D.pdf,workspace://SpacesStore/3b679690-b1d0-4f33-9777-6e5e3826de11,195558089796
RM22.pdf,workspace://SpacesStore/baba61e3-926b-4051-ae7e-4faa2967ea2a,219782707435
A210.pdf,workspace://SpacesStore/be8a6a8c-f252-44ba-b918-c7e780a9b3df,194817945645
MM8.pdf,workspace://SpacesStore/e364b15c-35a4-4ca4-95b6-92aae713e3f8,205467190881
EM6.pdf,workspace://SpacesStore/274ba429-ff90-48b1-82b2-1087ef6d2884,203758714935
FT72.pdf,workspace://SpacesStore/49851490-10f2-4987-aff8-3780e3f1ae4f,204516539691
BP103.pdf,workspace://SpacesStore/8b4cfea2-73fe-4b0a-8618-2f8d55c4e019,195556157973
PM36A.pdf,workspace://SpacesStore/408b4b66-4844-4376-bcd3-aa18adaff28e,217704781540
SM162.pdf,workspace://SpacesStore/9a34b5f3-ae8f-4da5-a8b5-921774b7045b,220224611412
ON3A.pdf,workspace://SpacesStore/c587a7c1-30bb-4b81-ab99-d1f978813486,217571273706
E105.pdf,workspace://SpacesStore/1f619822-5401-4c4a-bd90-a92929187d17,196991915197
E538.pdf,workspace://SpacesStore/1379f2e5-26d5-4cb8-9eb4-773021b1dc78,197394730866
P42C.pdf,workspace://SpacesStore/b3f8e414-5527-4c4c-9c57-e338646ed72f,217580828657
OB16B.pdf,workspace://SpacesStore/4fd2c3b6-62db-4e1f-9b58-119a3a2bd16f,205474355947
T142.pdf,workspace://SpacesStore/34f941b5-f383-403f-8327-6c147c77b2ce,220667690113
IB73.pdf,workspace://SpacesStore/4b0896d7-71ab-4ee2-b045-be2466053a2e,204555129552
SM64.pdf,workspace://SpacesStore/ddd0cad1-69fe-45b7-936f-af62771f145b,220209034398
P70.pdf,workspace://SpacesStore/12d2990a-e9dc-41e2-b114-88f6e19aa8ba,217689120745
P34A.pdf,workspace://SpacesStore/638f1e0b-940d-431c-9637-50ecd765739f,217585762124
BP271B.pdf,workspace://SpacesStore/844c7dc3-30af-4415-b3b8-bf19d36ea196,195564743347
SI145.pdf,workspace://SpacesStore/6cf80c43-be89-4a5d-9c1a-39e8632760d4,238362000422
T14.pdf,workspace://SpacesStore/20e8d144-feb1-4ad3-9aaa-5cb8b4973248,220671964643
SPM13.pdf,workspace://SpacesStore/559eeb1b-978b-473b-ab38-dfcdde0ba23d,220655385748
BP216.pdf,workspace://SpacesStore/8d644848-b38e-4d20-a2f9-f0f3b7e2bc24,195558711605
T79.pdf,workspace://SpacesStore/eaa403b5-4bec-4cd8-8a03-3a0b8aa24433,220669124825
E24.pdf,workspace://SpacesStore/3ebd3dab-c0a5-4889-99a5-3ff5fd59fec8,195942196396
SM97.pdf,workspace://SpacesStore/5cbff7cb-aae1-4026-a910-9b66fe8152be,220208139631
BP200C.pdf,workspace://SpacesStore/c5f1c85d-1055-498f-943d-a85343a67c8d,195560768823
SB12.pdf,workspace://SpacesStore/4009a982-3d5f-498d-bffd-d3df7a10286d,219784086147
BP94.pdf,workspace://SpacesStore/97ae9d2c-426b-4dd9-989c-4cffa50b7b9d,195562697459
E9.pdf,workspace://SpacesStore/08f3d8b4-6781-456c-b4d1-909bc7116ef0,195942858588
SM9.pdf,workspace://SpacesStore/bf193c28-213c-46c9-9abe-a9c2791b1da4,220186752725
RE114.pdf,workspace://SpacesStore/dcafe3df-90ab-4d44-ac7e-20e7f84aeffc,219762230825
M52.pdf,workspace://SpacesStore/842f80ab-c23a-437e-9043-3f6e50600e90,204992714834
A49.pdf,workspace://SpacesStore/04af3bb5-e36f-4155-a675-d7c6d84a68ff,181357827761
E5.pdf,workspace://SpacesStore/db20d044-477d-489c-8c52-cae76378cb6a,195948937246
P83.pdf,workspace://SpacesStore/29daf771-3ce0-45dc-bbea-1c7285ec1b0a,217691700211
SI63.pdf,workspace://SpacesStore/82506756-c616-4cdf-a4fe-b8ac51b38525,219793440866
FNT13.pdf,workspace://SpacesStore/96d343a3-62e2-46de-ae1a-69e61e5ecd32,204512819949
M214.pdf,workspace://SpacesStore/60a2ade5-5c23-4328-9a0e-4b884e735d80,204994009501
E346.pdf,workspace://SpacesStore/bcb4f7b0-7899-4bf1-8ae0-1eb8a545503a,197361487239
E439.pdf,workspace://SpacesStore/c7f52dd0-43ba-437f-894a-d2257a4874b3,197372191895
F140.pdf,workspace://SpacesStore/2ad55887-e73a-4ee8-bc58-e322c6733246,203769072197
A70.pdf,workspace://SpacesStore/d9318bf2-aab3-4773-a276-0fa9fcad4811,181354320583
A121.pdf,workspace://SpacesStore/609f17b5-68c3-4ab6-a2b9-7202091e7f14,181922190959
A43.pdf,workspace://SpacesStore/58ee8b5b-ebfa-49b5-87c2-cf68339f4fee,181355510584
P79B.pdf,workspace://SpacesStore/af1ff00c-0065-4670-bd9c-47f5774d3118,217691020139
F67.pdf,workspace://SpacesStore/69ec55bf-1766-4404-b116-b9b25494040f,203764489001
E402.pdf,workspace://SpacesStore/8c73a0c8-8d8d-44c4-9801-0641cbdde5b9,197372902571
F88.pdf,workspace://SpacesStore/4ec7c7dd-f63f-4fe0-a3c6-78a8c841d3eb,203765055790
DS44A.pdf,workspace://SpacesStore/d2dbc4e4-c333-41ca-8015-74060c308ec1,195935935441
M125.pdf,workspace://SpacesStore/c668fb9c-f85e-40da-8a30-9a89e201996e,204995574033
BP35.pdf,workspace://SpacesStore/0b6ba004-5e64-4650-a40d-8b0f1112a1fb,221899971045
BP116.pdf,workspace://SpacesStore/a88bad19-25cb-4be6-acf7-41ca90b9723e,195556722608
FT44.pdf,workspace://SpacesStore/ff52aa3d-ef0c-41d1-9d29-83de04f0d5fc,204514346389
RE87R.pdf,workspace://SpacesStore/0beab513-03d1-4a61-86a8-6af4b288588d,219777699725
E428B.pdf,workspace://SpacesStore/6a1d2e39-7410-4d35-a11b-c16906898fa5,197370595712
E508.pdf,workspace://SpacesStore/73330d04-aabb-4d1e-9d30-ce9185e5983c,197397601857
SM96.pdf,workspace://SpacesStore/7b7017d8-6cda-45e0-895f-bce71dc5f677,220210797675
BP11.pdf,workspace://SpacesStore/e50dcbd1-fe0d-449a-8690-6cc6c3404334,195566948733
RE72.pdf,workspace://SpacesStore/9356bf1c-13eb-4ade-8484-58d475d6221d,219777463884
RE2.pdf,workspace://SpacesStore/8824ce0b-a796-4286-9918-d0af618d467a,219770138451
RE45.pdf,workspace://SpacesStore/fc113ae8-1058-4018-9f2a-fef1d7b09e19,219769561729
E247.pdf,workspace://SpacesStore/ac3df813-3eaa-4659-8c07-b6a07d37d8b7,197007566876
E355.pdf,workspace://SpacesStore/84f1f009-5120-43a3-8a8d-b4d6e67d7ef9,197366946007
SI84.pdf,workspace://SpacesStore/6b6b233b-d116-412b-9227-e4767de05d67,219794433134
CIS4B.pdf,workspace://SpacesStore/6584dd4e-9bc5-4064-ade3-38ddf8e858ec,195932327340
FT12.pdf,workspace://SpacesStore/a7cb9f9f-bba7-496d-9b94-adbb53931137,204513965523
T206.pdf,workspace://SpacesStore/1f0f4fb6-2a49-43d8-940e-ec603cb9bfa8,220672747584
RM14.pdf,workspace://SpacesStore/a427e0de-cc35-4504-b6e9-294106724d59,219782654021
SB114.pdf,workspace://SpacesStore/c13b8816-5a1c-4dad-b23e-d13e2811c4dc,219785373554
SM121B.pdf,workspace://SpacesStore/4f5222b1-d84a-4f56-869c-37073496a162,220213961828
SM56.pdf,workspace://SpacesStore/c0bade90-1234-4f36-b8c3-2512ca54ebc7,220205953691
BPP4.pdf,workspace://SpacesStore/0707ff93-fc45-4718-918e-720a9590f6d3,195925159228
E94.pdf,workspace://SpacesStore/768f732e-801c-4cca-83cf-354851e675d5,196983336100
M124.pdf,workspace://SpacesStore/adcd898d-5e3a-424d-b836-726ae5a0b5ac,204995094053
A62.pdf,workspace://SpacesStore/a6cd9e70-c613-41f5-b943-0eff90d06cb0,181353748358
E286.pdf,workspace://SpacesStore/82c61700-7a75-468f-8a7f-d94c512dbe7c,197011518028
IB47.pdf,workspace://SpacesStore/10c094ae-6674-403e-8576-96ed5cd7218d,204560285260
PM17.pdf,workspace://SpacesStore/86195877-0436-434b-ae6c-873d39b56b2f,217702679456
BP208R.pdf,workspace://SpacesStore/757ff4ed-94d0-4ef0-8969-7eedcd447e1f,195559203777
M278.pdf,workspace://SpacesStore/6437d6e9-02c0-4a76-a374-254895b2c007,204984394258
RE26.pdf,workspace://SpacesStore/fc288ab2-86f5-4441-a194-a9dc9bdb0e3e,219769502303
SM3.pdf,workspace://SpacesStore/55787a81-451e-45e1-bf7b-4aa797ef721e,220199685094
BP226C.pdf,workspace://SpacesStore/d02e1756-00e1-46a2-9ab2-97a3fb96ccd2,195557728940
MM13.pdf,workspace://SpacesStore/b9106f2a-33ae-4a9b-910d-62d332c4d71f,205467281378
T190.pdf,workspace://SpacesStore/4fd96d9c-a770-4f59-8c3d-90caa754c090,220666906843
FT51.pdf,workspace://SpacesStore/c6d5161b-d3e6-4a75-8040-cec00fe7f865,204516907365
E145.pdf,workspace://SpacesStore/82dff6c0-4788-4936-879c-cc954865b47e,196991605175
M362.pdf,workspace://SpacesStore/bed57a43-82ec-4387-b338-8d9962472cce,229377356606
T11.pdf,workspace://SpacesStore/dd3414d1-be95-42bb-87be-d0621de7e01f,220671930486
RE121.pdf,workspace://SpacesStore/b4d9eda3-589b-4272-accf-74621621767f,219765265598
RM33R.pdf,workspace://SpacesStore/0f319012-0967-43be-b4ac-c254e64f1b2d,219782549267
RE99.pdf,workspace://SpacesStore/377bb041-9f67-457f-b1d5-34b79ee5c94a,219777411022
IB60.pdf,workspace://SpacesStore/712bce55-3719-428c-96fa-40c1d1d10195,204556421230
BP249B.pdf,workspace://SpacesStore/318deeca-6071-4972-a3d0-c78a38ae023d,195558072545
IB80.pdf,workspace://SpacesStore/9e917014-f0cd-46ca-b60f-da27ed898f03,204553629144
PM31.pdf,workspace://SpacesStore/6e3c0c97-1550-4e58-aeee-697a49925591,217704336202
BP187.pdf,workspace://SpacesStore/4bd78a3a-7043-4f9d-abdb-ef33da7c4c79,195561246618
BP226A.pdf,workspace://SpacesStore/3bdc1cf5-60f8-4da6-86b7-762bb63ade23,195557781001
SB35.pdf,workspace://SpacesStore/0cfa8f93-f4d3-4744-a95b-c1cc32a2cb95,219784157645
SI109.pdf,workspace://SpacesStore/116e0c13-3479-4f18-92a6-b71bacfd61b0,219986326510
A186A.pdf,workspace://SpacesStore/9e3335c2-c604-41f3-9602-a0abdb28f2f2,181345513824
BP119.pdf,workspace://SpacesStore/5d83f474-8a9f-40b9-9122-ba6a5afda559,195556301466
OB5.pdf,workspace://SpacesStore/56068c57-3078-47c7-bb1d-8f7c8b829ff0,205477233505
M295B.pdf,workspace://SpacesStore/f5e6b93b-22e6-4c99-90c8-0abfa2cd2890,204985261776
OB7.pdf,workspace://SpacesStore/11befd0f-6ab6-4d4b-91fd-6948ebfd18f4,205473665852
BP263.pdf,workspace://SpacesStore/96af4a6a-42c0-4663-9a7e-21fac4fe251c,195565584586
BP95.pdf,workspace://SpacesStore/b06158ab-5cc8-4d2b-a2b2-9d5587502dfc,195563946853
BP232.pdf,workspace://SpacesStore/1d8b2201-4334-413f-a693-9a66692cf3d8,195557367081
OSA22R.pdf,workspace://SpacesStore/e3373db1-170f-405c-8724-ad76dee70ee3,217573523768
T22.pdf,workspace://SpacesStore/3aa1c5ce-7e24-4a0e-99c6-8a69f3740c70,220671351874
A58.pdf,workspace://SpacesStore/465380b3-3eac-4f1c-9291-cf0887e0e260,181354688684
MFG807.pdf,workspace://SpacesStore/e4e7893e-75a3-4a01-9718-6df03e67675b,205464384505
F141R.pdf,workspace://SpacesStore/d7e887b6-5cdd-44da-8fb0-d63b5937c590,203770302332
F147R.pdf,workspace://SpacesStore/70b2a905-58b2-45db-b768-b81a066f5295,203768965743
E506A.pdf,workspace://SpacesStore/f458fe4c-3b37-4529-a2b4-2f96877a04b5,197391652091
T1R.pdf,workspace://SpacesStore/25a782a6-29c7-43d6-88af-0235970616b8,220670900266
E147.pdf,workspace://SpacesStore/2bb75d09-2855-44c3-89fe-ad6068743cd8,196991121488
OIT34.pdf,workspace://SpacesStore/34f6d152-f76e-4360-98ab-83f99679d5d5,208504982821
T181.pdf,workspace://SpacesStore/27942113-cd39-4af4-8a7f-1762532ecb92,220665867530
E141.pdf,workspace://SpacesStore/a9fa8a02-6cc0-4ab9-bceb-ee1c71d2e4a9,196990389813
E494A.pdf,workspace://SpacesStore/612c50fe-865d-4dd3-ab17-3c96a427a953,197387949556
OIT39.pdf,workspace://SpacesStore/1f97916e-2206-4932-94e4-6a6c92dc7230,208506191287
SI16A.pdf,workspace://SpacesStore/aa2c2236-c5ec-410a-92f4-59277f871385,219968473498
A190.pdf,workspace://SpacesStore/f6e392cb-99bd-4daf-84da-53237bf97f25,181344470991
E475.pdf,workspace://SpacesStore/f37c1713-32db-43a2-b28f-a84352f8ab03,197384457227
T84.pdf,workspace://SpacesStore/79a2a39e-995f-4476-910f-90fc8540a87c,220669323376
BP242B.pdf,workspace://SpacesStore/bbd604ac-4f45-42c8-802c-1d55dabdf1b2,195557806802
T226B.pdf,workspace://SpacesStore/532f7ad6-e3ed-4d68-9226-78aefc8a0f45,220672177763
SM137.pdf,workspace://SpacesStore/ea85c30a-faff-45f7-b79e-242daf54a226,220213814573
BP112.pdf,workspace://SpacesStore/0fac0e3e-c8ac-4921-94b5-07e5ed666c0d,195556729072
A31.pdf,workspace://SpacesStore/3d0cbc50-90c2-434e-9055-5e11a29bb730,181357310566
SI2.pdf,workspace://SpacesStore/17d5e0bd-8265-4243-a755-8533beff1a21,219795451759
SI124.pdf,workspace://SpacesStore/e8efe11c-0bd4-466a-9ba6-780bc8dcab07,219987009503
SM239.pdf,workspace://SpacesStore/b35a2c32-c140-47b5-b7ac-2533c26cd95b,220466836851
T148.pdf,workspace://SpacesStore/4570de45-0799-4aff-832b-6fc395be7de5,220667536873
E358.pdf,workspace://SpacesStore/ade376b4-29a2-47ed-a09c-03f5d46e5d2c,197366719730
BP76.pdf,workspace://SpacesStore/521fccc7-e141-4e2f-ac69-18d6c192e11a,195563542895
T59.pdf,workspace://SpacesStore/3025d406-478b-453f-a881-ad111d2fa011,220669672112
EC11.pdf,workspace://SpacesStore/337718fb-5171-4db1-8a22-f1b69765e999,203746475452
SM140C.pdf,workspace://SpacesStore/9f7d45ce-967c-4f73-95c6-3feb301f6111,220217823616
P59.pdf,workspace://SpacesStore/61c61f3a-1c2b-47f6-8728-b1d8a8240353,217688916928
F217.pdf,workspace://SpacesStore/6a95e5dd-8c3c-447f-80ed-803694a48c98,203763325514
SB31.pdf,workspace://SpacesStore/db0cfe24-b06d-46ba-a2a3-7343b5e23564,219784107871
T198.pdf,workspace://SpacesStore/9c2645f6-149f-47b1-8cef-92bee420d695,220666799216
RE128.pdf,workspace://SpacesStore/bea5f023-320d-4541-b4b7-fd572a26bf31,219763871626
PM38B.pdf,workspace://SpacesStore/7645a068-672b-459c-8c83-9a0f3f370b2f,217702041726
E140B.pdf,workspace://SpacesStore/94ae7683-d325-415d-acf1-1b7eb5b25493,196988606102
OIT81A.pdf,workspace://SpacesStore/3d049e2c-ac45-4909-89d1-04a3a36e9474,208501688994
RE81A.pdf,workspace://SpacesStore/b00f5338-ce9b-43b0-9777-8bd62c467793,219777610708
E313.pdf,workspace://SpacesStore/7c483df6-e17a-4997-b47e-28cb274cf034,197360988734
T69.pdf,workspace://SpacesStore/abcee5ac-490e-43f0-a0f8-8c9e3f6dae7a,220669915336
SM33.pdf,workspace://SpacesStore/1ca09b78-2a96-4beb-bd4a-2edc19a2d4ca,220205628820
F174.pdf,workspace://SpacesStore/7fa1ad45-2391-4635-bea7-4219037f4741,203772961073
P8.pdf,workspace://SpacesStore/a0b16612-d192-48a4-ab98-1731bbe06bc3,217578890475
SB113.pdf,workspace://SpacesStore/c16ee44d-09b0-4d1c-bc94-9952ab9c89c5,219785344604
RE90R.pdf,workspace://SpacesStore/7958b410-cf2f-41d6-815d-1b353f06efd2,219777231145
BP157.pdf,workspace://SpacesStore/988d33f5-c684-4823-9702-a01210fae1cf,195560849292
BE5.pdf,workspace://SpacesStore/fe233bf0-3546-46e3-8546-dc3441618590,194823206565
F99.pdf,workspace://SpacesStore/fa5e518c-6df1-4e67-b595-dfb7e3292603,203764280475
GS25.pdf,workspace://SpacesStore/90e43575-9802-4e69-a5bc-821dd9e388b1,204521900008
DS66B.pdf,workspace://SpacesStore/6795819e-ed58-4d78-8299-753a70882498,195934352908
RE1.pdf,workspace://SpacesStore/b41010f1-0c00-4aa4-b42e-bd4310ae0e08,219769620926
E48B.pdf,workspace://SpacesStore/ebb9ac34-243b-4bcb-a291-5a49b439fee9,195943884543
E604.pdf,workspace://SpacesStore/b26111a9-7f1a-4364-a3fb-4f4e733d16a4,203368627858
FT33.pdf,workspace://SpacesStore/cb2287ae-6952-403c-a9d9-56ec405272a4,204514270306
M10.pdf,workspace://SpacesStore/60307261-d5ca-4c6c-9a27-77c0dae3ac51,204997834793
PM39.pdf,workspace://SpacesStore/35ef7569-f901-4e58-85fc-c4a87dad1ee6,217702595905
SM7.pdf,workspace://SpacesStore/5a8ec624-b1db-4807-8c05-bc19a7cc28ab,220199820239
FT34.pdf,workspace://SpacesStore/8e15be63-c1a0-4057-aae7-93955a2caf88,204514278295
E383.pdf,workspace://SpacesStore/f9344f0d-804d-4b54-8009-4e3c435ff8c8,197366708562
E406.pdf,workspace://SpacesStore/62ff66ce-478e-4c61-a7f7-04dc3057aafc,197369255930
GS13.pdf,workspace://SpacesStore/c58e2dc8-57a5-484e-8072-0dcf2d3cd983,204523066765
A146N.pdf,workspace://SpacesStore/3e8a1eeb-9557-438b-bca3-c025a81ae715,181920320758
DS53.pdf,workspace://SpacesStore/ecf3c949-2724-4297-a5aa-1a02c0488a59,195935271647
OB88.pdf,workspace://SpacesStore/9311f1c3-df17-424b-8114-1466459b7a39,205971963546
E58.pdf,workspace://SpacesStore/dbf4c6b0-f4bb-4a23-ae31-0ec1b88223d0,196985450583
T55.pdf,workspace://SpacesStore/ef41b1f7-0899-4717-ae03-481f9bb31528,220668374339
M319.pdf,workspace://SpacesStore/cbc91fca-fa7b-4bcb-88b1-816811a93d0f,205457870174
GS73.pdf,workspace://SpacesStore/bf5f9e84-4e5f-46d1-b817-703d4a7f38eb,204538855260
RM27.pdf,workspace://SpacesStore/23d09d02-9a2e-49b9-86ae-e91ab61740b7,219782431620
P77.pdf,workspace://SpacesStore/b2c76a26-7b80-4d0f-8677-b840916ed1f9,217689743385
SB56.pdf,workspace://SpacesStore/7db70773-236b-41bc-b07b-acb6550ac622,219783380943
E258.pdf,workspace://SpacesStore/8fd1e6c2-94c6-461b-8661-4d3859bac3c3,197010614162
PD8.pdf,workspace://SpacesStore/0b80cc44-6472-41fa-b838-da2ece0e243a,217699730364
E279.pdf,workspace://SpacesStore/7788f77c-70fc-4221-b32e-b61c39aeb85e,197013795832
E237.pdf,workspace://SpacesStore/fe87f8e8-64e8-4f6e-9ca3-19dd92cae586,197006536444
FT29.pdf,workspace://SpacesStore/f0459b3b-6124-4371-ad08-ec4da65ed151,204515271886
SB124B.pdf,workspace://SpacesStore/e35ea182-638e-43bd-8962-be1e90082038,219784831050
RE8.pdf,workspace://SpacesStore/9cbca82b-82bc-4896-ac40-7efb16f2c794,219770085161
M347.pdf,workspace://SpacesStore/4de57c4a-3ade-4f03-b4cf-192d09050e85,229340456862
P22.pdf,workspace://SpacesStore/21ce04e5-da8b-4855-9d18-b788483455ad,217584135086
DS82.pdf,workspace://SpacesStore/33959529-ea83-431a-ac19-df7b8fbe76a1,195934123774
E10.pdf,workspace://SpacesStore/2523917a-5ec8-47cf-a369-55436adaf8ae,195947725560
OB82.pdf,workspace://SpacesStore/e942879e-c61f-46c0-a5d8-e725894637ed,205948778356
OIT49.pdf,workspace://SpacesStore/40b0e45b-8c0e-4ba6-985a-3d60f08546b7,208502626264
BPP5A.pdf,workspace://SpacesStore/1a11973e-38f3-4a35-8e29-40abf7c8cb5e,195925085282
A146.pdf,workspace://SpacesStore/af538dae-4aa3-4ba5-b340-567ead28fb60,181920663437
RM8.pdf,workspace://SpacesStore/4598108c-198d-4fa2-9855-492845a5558b,219782315945
SI103.pdf,workspace://SpacesStore/499161d5-387d-442c-aaa1-3318c81ee1cf,219985425119
PM27.pdf,workspace://SpacesStore/67eca798-4178-4a16-b1aa-babe1a2a425a,217701061759
RE22.pdf,workspace://SpacesStore/d3bbace3-0ec7-4828-b826-19d095663872,219769535135
E448.pdf,workspace://SpacesStore/c8e7bff2-33cc-440a-85f9-0ac9d6581046,197375185082
E207A.pdf,workspace://SpacesStore/648d8d16-acee-4df5-b6da-9508614f8779,197004310299
SM186.pdf,workspace://SpacesStore/cc0dc013-4e62-48c9-aa49-0e366e55a0bd,220223759982
SM184.pdf,workspace://SpacesStore/2447d684-97e2-4075-aaad-4c7aac33f0e6,220231191651
T179.pdf,workspace://SpacesStore/e98a0cd9-ac27-4096-a574-f4c49e330961,220665394338
DS37.pdf,workspace://SpacesStore/2cc2e59c-3f72-4393-9f27-b78670d19a42,195935534953
A214.pdf,workspace://SpacesStore/672d96fb-c623-4265-9e9f-4ed8bac23301,194818486829
DS68N.pdf,workspace://SpacesStore/c5815a1c-98f5-4b83-a648-f117cc3d9b5f,195934793102
RM5.pdf,workspace://SpacesStore/27ec404f-1591-4fd2-bff0-1bedfe98191b,219782587848
M63.pdf,workspace://SpacesStore/7526799e-51e4-4003-af25-f83a7f096b21,204990091044
A187.pdf,workspace://SpacesStore/a9acaf94-4228-4768-acf6-41c64a1d92f6,181341195765
OB90.pdf,workspace://SpacesStore/b02320c9-7594-4d1e-8252-fea9a308b8b7,206382070896
F83.pdf,workspace://SpacesStore/18dcb499-e203-422c-8bc5-5f312919a0eb,203764608869
MFG801.pdf,workspace://SpacesStore/2bdad6b7-9a82-434e-93a0-a9edbbf322a1,205463681396
M39B.pdf,workspace://SpacesStore/841ff5b3-cb53-4f9c-a0bc-1ec82b4d2f4b,204997647695
OM9.pdf,workspace://SpacesStore/d5ce3597-6a17-400d-8624-df09f2983cd0,208509776252
CG15.pdf,workspace://SpacesStore/5f11919a-8a7d-4abd-b972-88d3018d0612,195927205079
F212.pdf,workspace://SpacesStore/f92d084a-fe34-40ab-a7ad-5a1877637098,203764167862
T81.pdf,workspace://SpacesStore/0322d575-9a8e-4cb3-aaf5-1b041f583195,220669670041
E517.pdf,workspace://SpacesStore/608f46e4-73c6-40c2-96f5-877e6d8d5868,197397841571
EC24.pdf,workspace://SpacesStore/1ddd806a-e0e5-4423-ab6c-91f781459827,203747967192
T9R.pdf,workspace://SpacesStore/72a76300-a13f-4ae7-be92-f9e57cde0a5e,220671720132
A198.pdf,workspace://SpacesStore/8d605e76-147e-496f-8211-f37abccc880f,181341733304
P79A.pdf,workspace://SpacesStore/5e8dccb5-8ba4-46ee-88d2-1101fe3cc9de,217691340257
RE23.pdf,workspace://SpacesStore/a933ce95-72ea-4d18-8682-1452790d2c3b,219769474775
PM34.pdf,workspace://SpacesStore/80db062e-c670-4483-a1f6-af2932a845b1,217704484815
SPM38.pdf,workspace://SpacesStore/d79da0e7-2aa8-4c2d-a861-b80fa02d052a,220657842316
M260.pdf,workspace://SpacesStore/4d166a01-e87f-464f-a854-c3e2fb27a303,204984659912
MC3.pdf,workspace://SpacesStore/d5e11afc-706c-4bf5-b40e-5102a8dcc3df,205458438649
E17.pdf,workspace://SpacesStore/b1ca0a29-1967-4b7a-8ac3-8cedac4e3647,195946552871
F287A.pdf,workspace://SpacesStore/0239e063-eb9d-4bff-b313-92d7dac79083,203774732509
SI90.pdf,workspace://SpacesStore/c7597085-d0cd-4c64-affc-10b064109258,219792505284
E123B.pdf,workspace://SpacesStore/1d525f4c-9cd7-441f-b0c5-3250b5df6ada,196989903905
RE61.pdf,workspace://SpacesStore/f5035c49-f37c-49ab-bb95-cda5cd0ec1e4,219777802734
SB13.pdf,workspace://SpacesStore/20c109a8-5919-4151-b6a5-3aa7c0fe25ea,219784701944
E176.pdf,workspace://SpacesStore/dc3fe06c-ab8a-44d3-a62a-ddf9c2930148,197000788756
E267C.pdf,workspace://SpacesStore/2cdd3a94-b3ae-4962-8912-bc7afa21ad52,197009668801
IB69.pdf,workspace://SpacesStore/1c34391d-fc20-4e25-9cb5-7c83b429c993,204554585934
SI69A.pdf,workspace://SpacesStore/b751ea45-0415-4e5a-89ef-0900be464c6b,219792207700
E458.pdf,workspace://SpacesStore/017a5eb1-0d15-444a-9044-e18b18303962,197387700255
F250.pdf,workspace://SpacesStore/7cc1524e-d56b-477d-a3ef-ab524fb6467d,203763920890
BP164.pdf,workspace://SpacesStore/b9812cac-a29a-4bcf-8168-b53e7923e309,221893508402
OM34.pdf,workspace://SpacesStore/818ea2d3-c644-4310-83df-70433c1b8258,208510134849
RE36.pdf,workspace://SpacesStore/9787e1b6-40f9-4c79-a757-25a942c68ea2,219770152608
SB32.pdf,workspace://SpacesStore/313a7638-9df2-4f74-b6cd-da82f9d7014a,219784694215
T260.pdf,workspace://SpacesStore/2110bc88-ce74-4020-b0b4-711572755518,220670453813
P52A.pdf,workspace://SpacesStore/6caa2102-7168-4838-b8ce-05d8c86c6521,217688610825
BP143.pdf,workspace://SpacesStore/2756481a-5497-4312-bcd0-7ae6a5767370,195556703071
PM19.pdf,workspace://SpacesStore/b80432d2-6dcd-4a6c-a524-b349f56a68fb,217704476367
SM181B.pdf,workspace://SpacesStore/5164a25b-ece4-4adc-a6b0-b17a89f7ee52,220225608672
F19R.pdf,workspace://SpacesStore/874633d6-a3b2-45e8-955e-df230a32270b,203768523033
M279.pdf,workspace://SpacesStore/2f5ab38e-2d9a-4f4a-b238-13fa9b1c1137,204983831760
F243.pdf,workspace://SpacesStore/8d6e8223-0717-4bb6-88fc-b1ca9200cc08,203763204654
OB3.pdf,workspace://SpacesStore/464cfe59-f1c0-47e6-ae67-482d387a90f5,205476482912
SM183.pdf,workspace://SpacesStore/5f5c931c-276a-403f-8243-155c75827eab,220228931039
M284B.pdf,workspace://SpacesStore/7df7df37-1916-44da-8434-36d04f1fd0dd,204985294389
BP256D.pdf,workspace://SpacesStore/7adbc7ff-e5b2-47c0-8741-1e1f6af92f04,195565007961
SM132B.pdf,workspace://SpacesStore/f61629ca-4647-4b8d-be2b-7dea453c3a6f,220220629151
PM13B.pdf,workspace://SpacesStore/7bf6c883-3c77-4803-a933-86d0b5cb550e,217703712199
E30A.pdf,workspace://SpacesStore/49bdac70-8f48-4d0f-ad06-4b414ce2e2af,195946238456
F229.pdf,workspace://SpacesStore/13792e8c-5d24-4c48-89bc-b947fddacede,203762542816
A204.pdf,workspace://SpacesStore/b0daf2be-9460-4288-ae90-ef9fea7448d4,194817828223
E221.pdf,workspace://SpacesStore/4a8b76e4-52b6-4e9f-b7b6-a2e17a61c009,197002915458
OB35B.pdf,workspace://SpacesStore/f95a39cd-00de-445b-ac0e-122027f8d605,205473605180
F112.pdf,workspace://SpacesStore/66e9667e-3b34-4c19-8dd4-197ebb37f9a8,203768906107
RE110A.pdf,workspace://SpacesStore/1ac7c694-2b11-491b-80ba-27e53adf89bb,219763431111
SM82.pdf,workspace://SpacesStore/9cd6880f-9088-42a0-aa4e-dacf2c4db526,220207171427
OB67.pdf,workspace://SpacesStore/18f3e309-77f4-423f-b1c3-e6cb237c1c9d,205958644383
E107.pdf,workspace://SpacesStore/41dfbb60-2cdb-4f92-b86d-ecc8695988e4,196996428592
P55.pdf,workspace://SpacesStore/229f6f93-9bb1-402f-a536-661de62d2fb4,217688716868
SB54.pdf,workspace://SpacesStore/88007a5b-93fb-4371-9402-110a8231d997,219783725517
E573.pdf,workspace://SpacesStore/df61898b-407b-4c0b-be3d-faf707e2e654,203343850624
OIT13.pdf,workspace://SpacesStore/f14accff-4020-4181-85aa-259365e4a21a,208503981436
RE82.pdf,workspace://SpacesStore/aa05911a-f70b-406b-89e0-013f96f7c661,219777485341
FT5.pdf,workspace://SpacesStore/f447f2ae-3e37-4988-9906-c6dc25935d8a,204514508597
E195.pdf,workspace://SpacesStore/5b47783f-df22-462a-a211-547897e8b142,197000065878
SB110A.pdf,workspace://SpacesStore/7751cce8-3edb-4eec-bd65-015a8cbbd2fd,219785460540
SM209B.pdf,workspace://SpacesStore/55eb769a-19c3-470e-a753-979c046d219e,220234725692
RE115A.pdf,workspace://SpacesStore/1e4859b1-57da-4e0a-95bd-3c8724e1f267,219764905332
E459.pdf,workspace://SpacesStore/b8ab5e9e-7a54-4332-80df-8e5ac684ce2d,197387512499
M360.pdf,workspace://SpacesStore/b2c7484a-ee1c-4d4b-b172-fbd698840997,229442682277
BPP5B.pdf,workspace://SpacesStore/3b56c989-360e-4c85-af50-d3032ce79941,195924991055
M122.pdf,workspace://SpacesStore/61335611-64e7-4388-8991-d48a73099191,204995281417
BP77.pdf,workspace://SpacesStore/b0a7a6d5-f6bd-476c-a858-311cad2da597,195563784324
F276.pdf,workspace://SpacesStore/f58071f9-169b-4385-b35a-8ac0b1e494fd,203774056040
E291.pdf,workspace://SpacesStore/6ec83e0f-d768-4e11-9410-d797662ada2c,197012988213
BP52.pdf,workspace://SpacesStore/bc32bdf7-0d16-4e8f-93fc-dde12679e6f6,195562723265
IB57.pdf,workspace://SpacesStore/9df52342-c0d6-459d-9482-38a64a18ecf8,204554167988
GTM266.pdf,workspace://SpacesStore/e1c0de72-c559-43e8-93b4-b14bf0a87b75,204541020346
A142A.pdf,workspace://SpacesStore/aaeb5d4d-3721-435a-94d7-a1e5556debbf,181923162766
MFG781.pdf,workspace://SpacesStore/836b63ac-21ce-4dc1-a989-f5891b9416b4,205461393008
M139.pdf,workspace://SpacesStore/a6839c59-5492-4691-8bb5-c38bdff2b0f4,204995544095
SI115.pdf,workspace://SpacesStore/3b9cab20-9cf6-489c-b5c0-6682c6292628,219975664773
SM189.pdf,workspace://SpacesStore/072cd63c-176f-44c9-a83c-21f2f5eeb901,220223021693
SB47.pdf,workspace://SpacesStore/5bd0c42e-9265-4e74-abe8-d476f38fbde7,219784054809
E25.pdf,workspace://SpacesStore/6ed05529-87f7-407e-9c0e-6f5279ef2871,195942919444
F101.pdf,workspace://SpacesStore/b9fa223d-8608-453a-a54d-1bc65d4cf774,203768982455
M191.pdf,workspace://SpacesStore/44c06dea-a09d-4577-8cf7-d136e54b5656,204988657550
BP120.pdf,workspace://SpacesStore/f844b93d-ce61-446e-9937-ac53b39a9b2a,195557241126
F146.pdf,workspace://SpacesStore/5e74854b-64eb-4b89-ac12-1a5f3707f54b,203771078998
E619.pdf,workspace://SpacesStore/3c8c9da1-b227-4c43-9707-9c4f1154071b,203372403114
OD6C.pdf,workspace://SpacesStore/a1185551-dffe-4b33-b16e-2533e94d3dd9,208496712859
GS6.pdf,workspace://SpacesStore/794c36da-a00b-4443-ac57-ef7b3de832a4,204528193756
E290.pdf,workspace://SpacesStore/8ebc573e-5d27-44f8-8cd2-6de153386c3f,197008854460
SM155.pdf,workspace://SpacesStore/285db537-c7f0-4ffe-b0c2-c56b56cc80c7,220222941928
M69.pdf,workspace://SpacesStore/5ddea647-18ea-4601-8e11-89fbee292a2e,204989860796
OIT75.pdf,workspace://SpacesStore/77dd5aef-c749-430f-836e-a23090ef75ca,208500124995
HR29B.pdf,workspace://SpacesStore/d47aeb8e-5afe-4006-b4e7-3c78c9262569,204546808040
SB6.pdf,workspace://SpacesStore/3a486608-8a3e-4737-8b32-69d92a18d427,219784672834
E411B.pdf,workspace://SpacesStore/85bb6a2c-1879-4ea3-bd68-4c3b16ffbe04,197369541811
FT27.pdf,workspace://SpacesStore/7abeb005-0c20-4313-961c-e06acf5e3a83,204513653268
GS45.pdf,workspace://SpacesStore/afd5505c-2269-4f5c-b799-e12e1f8aeb8b,204530344745
RE91R.pdf,workspace://SpacesStore/267c079d-269b-4c76-9866-26574631638a,219777457762
SB85B.pdf,workspace://SpacesStore/6632e09c-3bc4-4316-8460-acbed42edce3,219783574858
E472.pdf,workspace://SpacesStore/5a57432a-9b86-4789-9876-13ec9022fe5a,197379775766
T42.pdf,workspace://SpacesStore/cba5d758-575a-4315-b39f-219915575c54,220671429276
T6.pdf,workspace://SpacesStore/4aa16934-e9d4-4d71-9c0e-113e341263af,220671580783
SM8B.pdf,workspace://SpacesStore/52532b6a-8137-409e-a479-d4c236ae2ad0,220198342466
OB87.pdf,workspace://SpacesStore/db01308f-f5ae-4abe-8975-d3f95851c6cc,205971347932
E438.pdf,workspace://SpacesStore/50fd0297-b0c6-461c-a5ea-6d04d0da48e1,197369806268
F131.pdf,workspace://SpacesStore/c9292c03-e409-4072-af60-b53c261acc20,203771517431
BP165E.pdf,workspace://SpacesStore/2a0d6464-5e02-4e7c-8dde-f9e42ea19e73,195561262417
E350B.pdf,workspace://SpacesStore/24f6cba1-dc89-456a-842d-afb48defa3e2,197360315930
T167R.pdf,workspace://SpacesStore/4ecd69b1-deb7-42d2-8007-5b4839d59eb5,220665939549
BP86.pdf,workspace://SpacesStore/9ce2cd66-f61f-4fc4-8c02-3ac3bb4dfa1d,195563213265
PD9.pdf,workspace://SpacesStore/fb64db95-94b0-4f0d-92ec-48e97fbfbf4f,217699926769
SI12.pdf,workspace://SpacesStore/af7c4112-9a52-47ef-9d6e-57e4a8796089,219795393378
F134.pdf,workspace://SpacesStore/eedc9997-c69c-45be-ac71-73854f29f128,203769047129
FT6.pdf,workspace://SpacesStore/a1c804e3-ae29-46e1-9117-184cd47c9785,204515826313
A33.pdf,workspace://SpacesStore/dbd63b04-e410-40b7-8e1b-ac85dff3346e,194817037445
F34.pdf,workspace://SpacesStore/d9be9494-85b3-4100-a4a2-282743035164,203766708218
E620.pdf,workspace://SpacesStore/ddd424f5-a59a-4a66-8dc7-60762e91be0a,203370507081
SM131.pdf,workspace://SpacesStore/3f4e9689-b6eb-4dd4-8d3d-5a17c16e0fb8,220214308545
M5R.pdf,workspace://SpacesStore/ca9a5e06-6b2e-4931-8488-e2c2ff031e79,204997038724
OIT79A.pdf,workspace://SpacesStore/333541b9-dd75-48d7-a37b-26e7a8891f6d,208499546917
RE109.pdf,workspace://SpacesStore/cb06898b-0a22-4f80-a577-7b6a6e69737e,219761967491
T71.pdf,workspace://SpacesStore/19961b16-f863-44ba-a487-3190fc519c35,220669134869
M248N.pdf,workspace://SpacesStore/d357d4aa-9898-4a3e-a751-93c438244c7e,204993247084
BP56.pdf,workspace://SpacesStore/d67ab0aa-4500-4ec2-b654-9936b7dd0b7e,195562910817
P16.pdf,workspace://SpacesStore/e706985b-ab47-4142-a8fb-47e5e3399da1,217580024611
MFG792.pdf,workspace://SpacesStore/7a13b785-e4b3-4b42-83b0-22d1b2681837,205461985604
E57.pdf,workspace://SpacesStore/935b8739-c5e8-4ad6-a322-a8bc639117c5,196987873878
M45.pdf,workspace://SpacesStore/face1acb-33eb-4e4c-81db-85e4134ac190,204996640738
M13.pdf,workspace://SpacesStore/8b7c59d6-5adc-48c7-82e6-dbe9a088d8f6,204997315876
RE81E.pdf,workspace://SpacesStore/9f79d852-405d-4c4d-aa31-fb66efb15841,219777612371
BP165K.pdf,workspace://SpacesStore/05160093-c554-4d01-9525-aa5d128a404e,195561269485
BP258A.pdf,workspace://SpacesStore/bfc0292e-ae83-47cb-a263-2dc0e1914907,221898425246
M265.pdf,workspace://SpacesStore/6c6469e9-478e-425c-9a1f-06e47b510619,204983525456
UM5.pdf,workspace://SpacesStore/e13bf4e4-359b-4682-b57a-ccf6a586483c,220677189515
E557.pdf,workspace://SpacesStore/af1b28bb-5b57-4d6c-b8d6-800464fed3a7,203350287983
GTM5.pdf,workspace://SpacesStore/0380ee56-f8fd-45fd-8f8d-9cd0d3f527e8,204542803625
P78A.pdf,workspace://SpacesStore/b2844d88-1a86-4e51-8403-fcc0ca0e94ce,217690270958
OSA7R.pdf,workspace://SpacesStore/31666f9d-5378-43ba-b548-b54dcd246ef6,217573204796
T177.pdf,workspace://SpacesStore/d58af9fa-954f-4130-a1d2-d8b0081f8c24,220666186416
SM80.pdf,workspace://SpacesStore/37b7f654-fe62-42cf-8ed4-9a0a08fb4ca9,220212893154
GS58.pdf,workspace://SpacesStore/4afd1261-7740-4379-a3d8-2386782cbbae,204535125567
SB98.pdf,workspace://SpacesStore/c90e0b39-35a9-49ee-9392-fec9affd99b4,219783403681
RM13.pdf,workspace://SpacesStore/9c1054f3-8a4a-45b3-a946-5bc4aae1a517,219782723754
M64.pdf,workspace://SpacesStore/6ae4bcb5-317f-4f92-b320-ef7e34435855,204992487945
F64.pdf,workspace://SpacesStore/0622b1c2-aed4-4a82-95e3-44623dce10ef,203764553446
SM149A.pdf,workspace://SpacesStore/46dacfc4-c11e-4fee-aeef-f54e72a3b818,220218941396
M307E.pdf,workspace://SpacesStore/76f247ff-3320-431c-a9e4-5e8d4a5ee69d,229336716438
GS48.pdf,workspace://SpacesStore/a6a246ad-4877-4027-b23e-d4c5836f91d4,204531329161
FT16R.pdf,workspace://SpacesStore/88072418-56c6-41cf-bd2d-3a5e567476d5,204515746521
PM28.pdf,workspace://SpacesStore/18a7cdb9-a6c0-4c9d-8bc0-585298ab6bae,217702104647
SI94C.pdf,workspace://SpacesStore/535877be-af43-4719-beaa-d7dd021f8880,219792382063
F133.pdf,workspace://SpacesStore/e48a43fd-590c-4528-a757-889d6483dc84,203769793865
F183.pdf,workspace://SpacesStore/550da2ca-2275-4486-b6e2-4a9f544fe7fb,203772091959
BP165L.pdf,workspace://SpacesStore/9122b172-bd98-47fb-afc1-25c16a122f0f,195561306522
T171R.pdf,workspace://SpacesStore/9a8b7b3f-9cd8-4759-b85a-f42665003ac8,220665943098
SI61.pdf,workspace://SpacesStore/5d0b0a40-e5a9-4671-b835-80eda1d70c1c,219793143329
E376.pdf,workspace://SpacesStore/78d88d35-5a81-4a75-88c6-e25ed5d1aba0,197368435373
GS68.pdf,workspace://SpacesStore/0916d4d8-d717-49f8-a5c9-c72c612e2f02,204535935262
OIT52.pdf,workspace://SpacesStore/7be25ccd-8af1-44c3-bb11-1d24bae37cbd,208502393507
RM25.pdf,workspace://SpacesStore/24123e08-3da9-4602-b6fe-20aff9f19315,219782653788
P85.pdf,workspace://SpacesStore/90d435b4-aab0-4b7b-8c00-f6bae9c84f3b,217692513120
M223.pdf,workspace://SpacesStore/4abbf82e-ca0d-420a-9172-2f2a233a20aa,204993747193
M269.pdf,workspace://SpacesStore/e0942c23-bd0c-4375-b711-f52b9914ebec,204982167163
FT36.pdf,workspace://SpacesStore/2829340c-79ab-43dc-86df-e25ca44f3066,204514266415
M239.pdf,workspace://SpacesStore/c499ed7e-d862-4639-bda8-952d00059a05,204992844826
F39.pdf,workspace://SpacesStore/e69db4b8-00d6-4706-a501-1e76fa157620,203768064590
RE137.pdf,workspace://SpacesStore/0a451d9e-e8f5-40e7-9ca7-61c12849daf0,219766603681
E435C.pdf,workspace://SpacesStore/84804cac-dbfb-41ae-ad5c-3a511582f425,197374510026
OB19B.pdf,workspace://SpacesStore/00d74ae7-312f-48e7-8a9e-b62ad51cd41b,205475066515
BP69R.pdf,workspace://SpacesStore/af603ccf-7488-49da-8e03-9ecc6af132fa,195562726507
E231.pdf,workspace://SpacesStore/28094a98-4380-4f63-bbb5-f9b6b6b8c76d,197008182776
IB43.pdf,workspace://SpacesStore/34040996-3964-4ec5-951c-954cc7535a79,204560512299
E623.pdf,workspace://SpacesStore/32db51c8-1618-4602-966c-ab364aacb43d,238405027356
E54.pdf,workspace://SpacesStore/b6595369-8a9b-4183-94a2-cbc991d697db,196983060106
E251B.pdf,workspace://SpacesStore/7ea16700-b8cd-4143-a1c6-bfcf543ac9c8,197012426873
BP246D.pdf,workspace://SpacesStore/786cfb8b-989d-4065-8b71-99f9b1db2697,195558434227
DS41E.pdf,workspace://SpacesStore/93823c12-bc85-4fa3-870a-0b1bab02283d,195935587977
BP242A.pdf,workspace://SpacesStore/82a21060-df10-4c85-880a-d5f471a70af4,195557867073
BP193.pdf,workspace://SpacesStore/13010234-fddb-4328-a24f-514a34bd83e8,195560304911
E186.pdf,workspace://SpacesStore/9a30c578-be2d-4e5b-872c-de141c1ee376,197001600899
IB52.pdf,workspace://SpacesStore/8a6f22d9-3454-4b38-a58e-de90b5adea84,204553531000
E110.pdf,workspace://SpacesStore/e3abd346-26a1-4406-b2fb-46ad8d257813,196997481960
SM145.pdf,workspace://SpacesStore/5da94b68-9ca6-45d5-bf40-012feddf48b7,220220355309
RE49.pdf,workspace://SpacesStore/5b32756e-b7b6-4d44-9ff2-9a02a4003a68,219769639887
SM153.pdf,workspace://SpacesStore/16fc9ecf-346c-44f6-82ca-9e8df6873ae5,220229416672
A170.pdf,workspace://SpacesStore/afdb755a-05e1-41f6-ac13-70fb6f5e3a46,181350578272
E30B.pdf,workspace://SpacesStore/7a6c5dfb-6e3f-4f74-86a1-e5ea8faa07d2,195946475821
E98.pdf,workspace://SpacesStore/c9f0227c-16b1-4fbd-a73f-7d831da3ca3d,196981105522
T207.pdf,workspace://SpacesStore/45b2da83-4091-47c4-a9fe-d6b991f6d244,220672848034
A89.pdf,workspace://SpacesStore/7b3cb61e-302e-47e3-9c33-ac75c4cd3532,181351596187
T252.pdf,workspace://SpacesStore/a7238fad-4e80-4636-9462-30df4a3186ee,220670512868
T126.pdf,workspace://SpacesStore/1b565221-0cd7-43e0-9828-265df537caf5,220668229155
F249.pdf,workspace://SpacesStore/4f7a7272-9ea4-40f5-a466-c1dca5b31108,203762877331
OIT19.pdf,workspace://SpacesStore/14ba2b8a-4194-427e-9b81-144111333b00,208502950004
T166.pdf,workspace://SpacesStore/16f18a79-edec-41ef-b592-c7828fa7c483,220666695582
PM7.pdf,workspace://SpacesStore/c8601e33-5382-44fa-b34f-5217b94b51a3,217704632474
E46A.pdf,workspace://SpacesStore/aeb6c029-e24d-4021-ba63-d719e44d1ffb,195948213775
F164.pdf,workspace://SpacesStore/602bcf6b-ba30-4ff9-92cd-597c94b5b55e,203773438761
BPP5C.pdf,workspace://SpacesStore/61093ffb-2c12-4249-b681-113f9319fbcd,195925029627
EC28.pdf,workspace://SpacesStore/2ea2cf8a-427e-4082-8460-fcad0cd4ff7a,203750370965
DS64C.pdf,workspace://SpacesStore/3bba5751-bd73-4d20-b3eb-32b92f91cc78,195935044917
F175.pdf,workspace://SpacesStore/99f2a47e-92f5-4efc-923d-a94d86d164ea,203772791672
GTM2.pdf,workspace://SpacesStore/60b49d7e-c203-4f2a-82d4-b865a9b42da7,204541077401
E38B.pdf,workspace://SpacesStore/3cf58e46-c7d4-4bc9-b3de-e5d4b21075ca,195942307167
PM26A.pdf,workspace://SpacesStore/929207be-c188-48b0-ad00-cfacfed3988f,217701434574
ETH2.pdf,workspace://SpacesStore/ac1edb30-1f55-495b-ae6b-87ab749a4568,203761660622
EC8.pdf,workspace://SpacesStore/09c417be-8cc8-45fc-99e8-4677680f8886,203745599676
T85.pdf,workspace://SpacesStore/f60bd6d7-a5b8-40c3-9f12-2d83aeaa06b5,220668756331
SPM53A.pdf,workspace://SpacesStore/9bba7343-3108-45d5-a30a-62540f49e8df,220663956843
E524.pdf,workspace://SpacesStore/dbdb106d-f3b3-4c6f-a2a2-d21190709829,197394055777
OIT10.pdf,workspace://SpacesStore/1ba068db-3385-4049-8785-a1ee9782c6a0,208503329752
L1B.pdf,workspace://SpacesStore/9a1d21b6-82b3-42af-8396-ba788e69ea15,204976971746
DS20A.pdf,workspace://SpacesStore/e1cbf95d-92e5-478d-bdef-3e76656cf575,195935990746
RM6.pdf,workspace://SpacesStore/7de2a031-375a-4f04-9754-8286468c71be,219782645106
BP122.pdf,workspace://SpacesStore/a9e34e01-ad22-40a1-98d6-859f435217c0,195556354927
FT42.pdf,workspace://SpacesStore/3089c8bd-dec4-4fd0-bbe9-099283c6a5ef,204514928917
MFG734.pdf,workspace://SpacesStore/fc9d9043-8358-46b4-af16-00582e6353e9,205461608140
SM159A.pdf,workspace://SpacesStore/1a3256ce-2bf2-4fc5-baad-67abd4fcbf6a,220224934379
EC26.pdf,workspace://SpacesStore/137fbe32-8b2e-44d3-bead-e788f1f59de3,203748818078
BP229B.pdf,workspace://SpacesStore/00f7eceb-7ce3-4a62-8cc0-81c5ca199f4e,195557441769
OIT24.pdf,workspace://SpacesStore/8cda13eb-a917-4fae-b71e-7127b4487999,208502955252
A166B.pdf,workspace://SpacesStore/a4b62550-a7cc-43d8-b5a0-1b61b49fa6b1,181341040059
T211.pdf,workspace://SpacesStore/0872dc5a-f0ca-4490-90f6-4b9d8070d8c1,220672770163
GS78.pdf,workspace://SpacesStore/7ca38d0d-a237-45f6-bd1b-ea39316a94da,204531839333
IB19B.pdf,workspace://SpacesStore/03957943-5993-41e2-91f8-477140951944,204557348697
E549.pdf,workspace://SpacesStore/c07bcd3e-3060-45c6-94cf-1080ee4fcd82,197377516716
M334.pdf,workspace://SpacesStore/02fe0708-dbca-4e4c-8281-e2e7dc08f953,229332023937
M246.pdf,workspace://SpacesStore/41eae70e-eeff-4f79-adab-822238a755e0,204994823710
SM117.pdf,workspace://SpacesStore/553cff25-2377-49fe-9dd5-271efb7816cf,220216362665
FNT15.pdf,workspace://SpacesStore/984f0bb9-2e63-46e0-8c86-172559bcc563,204513102350
SPM18.pdf,workspace://SpacesStore/67e86531-e0f7-481a-941b-ec1f3d154690,220655792549
SPM50.pdf,workspace://SpacesStore/2a815f26-0aa4-431f-8d9f-6f4454d30875,220662790315
IB13.pdf,workspace://SpacesStore/d7dea275-9b23-4373-a180-92e914a8ce1d,204557109927
BP57R.pdf,workspace://SpacesStore/54e1306c-4e32-4a52-b7af-5fec07cf73f0,195563353444
SM193.pdf,workspace://SpacesStore/051f6d6e-80fc-4ccb-9586-0cd6bb28380c,220229367789
T143.pdf,workspace://SpacesStore/2b1364b8-6256-4e95-bcbb-403b1c23f753,220668134517
OB85.pdf,workspace://SpacesStore/71bacbf6-2831-4769-b112-e243985e5e40,205946278505
SB95E.pdf,workspace://SpacesStore/bd86a950-616c-4fc0-9fc7-5dafd22b5f25,219783880185
T243.pdf,workspace://SpacesStore/033475d5-f594-415c-ab60-8f8e90820f55,220673130327
M203.pdf,workspace://SpacesStore/544e5963-275c-4233-bb48-eac1e05014fd,204993111418
SI87A.pdf,workspace://SpacesStore/f22a9795-e0ea-43ca-88a5-cf10509883da,219792754925
IB1.pdf,workspace://SpacesStore/1b9dc755-08ae-48a8-b441-ff8a35b0b030,204558050451
T92.pdf,workspace://SpacesStore/b9191e7b-050c-4e03-9d1b-71427e30cc66,220669791355
A192.pdf,workspace://SpacesStore/1c364440-1080-4bea-baf1-dacdb5c41a61,181342386231
T33R.pdf,workspace://SpacesStore/bbeb00ba-2381-465b-97b1-38b42b2bafc8,220671766577
SM91.pdf,workspace://SpacesStore/45a1d0ab-46cf-46a1-95e1-1000a5954554,220210265760
SM200.pdf,workspace://SpacesStore/453be7b7-8c46-4803-89c2-1b6836660dc7,220222459547
E487.pdf,workspace://SpacesStore/c3c5d04d-63e0-4675-b44d-b3552e1ea58c,197383923544
IB81.pdf,workspace://SpacesStore/285507fd-509c-4241-a770-aab9f9176650,204556515066
A224.pdf,workspace://SpacesStore/bbcca71a-bdbf-4105-afbe-e314151bb20d,194818111210
BP231C.pdf,workspace://SpacesStore/3e78e083-02bd-412b-a7e8-f6a9e21de385,195558690430
M291.pdf,workspace://SpacesStore/dcbcdaa8-f803-4295-a19f-901fedbe5062,204983934075
SB116.pdf,workspace://SpacesStore/780e3941-eb98-4d2a-b710-a102df6268b7,219785331477
E174.pdf,workspace://SpacesStore/a1fe8538-6f29-49a1-af4b-e95e67885543,196999975325
SM98.pdf,workspace://SpacesStore/1f4dc72c-f602-4f27-9b94-a6ffc8ad0059,220209454931
MM1.pdf,workspace://SpacesStore/2edecd5a-ecf3-45db-917b-01f6bbf3f86c,205467089570
M47.pdf,workspace://SpacesStore/bd15633e-6310-491e-8395-5676d1ae3cff,204997837477
DS78.pdf,workspace://SpacesStore/c33b4efe-24d6-4b4f-a4a2-0b16d53b17a0,195934631906
E582B.pdf,workspace://SpacesStore/b2582e61-5698-41e2-9bb5-1ec550957cf9,238404949722
A133A.pdf,workspace://SpacesStore/91efdd4c-8316-434d-97c6-ff62e3a6c9d3,181919942418
SI16C.pdf,workspace://SpacesStore/75c7fc63-1374-4539-b7c8-f0f6385e7cde,219968810637
M153B.pdf,workspace://SpacesStore/46200721-15dd-4337-a830-ed410b584f4c,204988615394
SI66.pdf,workspace://SpacesStore/6f4cc79a-5781-43a4-9fa4-4fc22c026518,219792716258
A25.pdf,workspace://SpacesStore/6825d1fa-3a18-4fe1-b308-37c98a6f2582,194816694497
T164.pdf,workspace://SpacesStore/c6248b09-ef92-4426-ab31-399615e1b738,220665906173
T165.pdf,workspace://SpacesStore/6746d881-ce13-449d-a24a-fcead507bc36,220666284425
RE7.pdf,workspace://SpacesStore/d9c13379-da15-4ea1-a11e-4647b4abc728,219769502283
BP226F.pdf,workspace://SpacesStore/ad961c5a-c4c9-45e3-a35b-25f12b3bd825,195557755837
OIT22A.pdf,workspace://SpacesStore/70d59dc2-bbc0-4cd2-896f-df1b50f1e583,208502656228
SPM35.pdf,workspace://SpacesStore/dda87fe3-41af-4c09-831d-e3d58a71821a,220657603247
SB102.pdf,workspace://SpacesStore/33be3594-4291-4bd2-99ac-654e80a9618a,219785029614
E456.pdf,workspace://SpacesStore/c84422b5-3d25-4410-b0ba-f0280f96a236,197388506557
E127.pdf,workspace://SpacesStore/09d3fb40-105d-4ae5-82b3-65cc85e5a641,196988963797
EC18.pdf,workspace://SpacesStore/2f438ab3-e789-44ff-af89-4528d6d08524,203747240659
SM275.pdf,workspace://SpacesStore/fdfe0dd5-db7f-4120-b146-fa6e8d4bd120,220467581385
E238.pdf,workspace://SpacesStore/cb0b972e-c238-45c7-9bac-08ce34fc7f34,197006894145
E599.pdf,workspace://SpacesStore/06e7e63c-3f19-4f8b-8afd-626bc9d86ed9,203350928240
T187.pdf,workspace://SpacesStore/e93955c9-f7c4-4286-977f-1625c8b68e58,220666334547
T82.pdf,workspace://SpacesStore/877a2813-c6d4-48ed-8ace-fa71956bf410,220670079603
RE92.pdf,workspace://SpacesStore/8ef4400b-c8dc-4cff-ad11-77e8abbfcf41,219777532114
A126.pdf,workspace://SpacesStore/53d32406-692b-47e4-a66a-bfd257beeb50,181922187826
P58.pdf,workspace://SpacesStore/b9e48a22-e610-47f4-a009-5f993faaf48b,217688909639
E131.pdf,workspace://SpacesStore/0c1d4fc4-0928-4a81-9bfc-1f8ada4cff6d,196993300477
EC7.pdf,workspace://SpacesStore/12b17e1f-4990-42c5-bc07-6ee584516478,203748156954
HR42A.pdf,workspace://SpacesStore/c07d9677-e5aa-493b-8a80-f735bf1fec35,204552809648
GTM267.pdf,workspace://SpacesStore/b1555da9-819c-4140-8155-7e2ff0fc6817,204541259344
E239.pdf,workspace://SpacesStore/73248c27-06dc-4a9f-b31d-6f0a1da8b70f,197004601003
DS36B.pdf,workspace://SpacesStore/d5855682-ea20-49b6-8e09-13559f3186a1,195935665797
PSY4.pdf,workspace://SpacesStore/44a56dc8-b954-42f4-afcd-1da1838c8007,217708215502
SB95D.pdf,workspace://SpacesStore/1a16568f-d300-4e81-89ca-d0cad1102199,219783855757
SM158.pdf,workspace://SpacesStore/cee6203a-af9a-4b91-a48b-db71a277007e,220224704298
E21.pdf,workspace://SpacesStore/3e9bc9df-d390-4d97-b9e3-a94e2cd2470e,195946863373
OB74.pdf,workspace://SpacesStore/7085c590-5075-41df-902c-d39a58da5ac7,205948561544
BP268.pdf,workspace://SpacesStore/dbd26f67-4501-4b17-a847-b1b0c109d1e3,195565119567
BP226B.pdf,workspace://SpacesStore/7594d792-2a92-4f68-a50c-443b0cb48e22,195557789670
SM261.pdf,workspace://SpacesStore/ff5813e5-79f7-4863-a16c-a12edf8149e7,220467084697
E219.pdf,workspace://SpacesStore/4571fc86-6b72-4b73-a838-6bffacb26b33,197004734372
E226.pdf,workspace://SpacesStore/527e36e4-8c7f-4537-8ad5-7eec2dc77a4c,197005198883
A201.pdf,workspace://SpacesStore/bbbd6ee5-b5a5-4c3a-abbb-702f03a82786,194817637819
ETH4.pdf,workspace://SpacesStore/c3c6de66-26ac-4ca8-bd5e-4f9de559aa20,203761644344
SM163B.pdf,workspace://SpacesStore/c7bc22a8-0c40-4dd2-9d61-9ecce576be07,220225436545
CG17B.pdf,workspace://SpacesStore/c02bffee-522c-4ade-8963-57d703f36f3d,195928044278
BP182.pdf,workspace://SpacesStore/0e9b71df-d9b5-452a-86ae-bdb75d08b7b8,195561698915
SPM44.pdf,workspace://SpacesStore/64fc05d7-1c02-40c7-bbaa-8d9706b8ab41,220662166643
SI103S.pdf,workspace://SpacesStore/d77b1007-188e-4c15-ba80-98ea59aa5ed6,219985260095
SM146B.pdf,workspace://SpacesStore/b4f23e4e-c43b-4d5c-8383-00deb334bad2,220215563115
GTM265.pdf,workspace://SpacesStore/8804620e-6f16-4063-8298-af2c35a60cd5,204542403180
OSA2.pdf,workspace://SpacesStore/f4040e92-7ecb-4fe2-8139-eabc1bae52c4,217575637066
RE75.pdf,workspace://SpacesStore/6f2b9582-c41d-47b9-a3be-5fee82d46aa1,219777469806
M198.pdf,workspace://SpacesStore/f8a4d24d-1d89-4722-b81a-e455cbcc0650,204989437970
FT57.pdf,workspace://SpacesStore/1d236a7c-3489-400e-a7ab-63693b0420c7,204516429654
F122.pdf,workspace://SpacesStore/3eca2282-4740-4073-9b03-52d6847ab78b,203769074587
P68.pdf,workspace://SpacesStore/77389a67-1e82-4eed-978b-de3704be9711,217689106606
SM151.pdf,workspace://SpacesStore/c39266e5-f4ba-45d5-aaa2-63a4bc11628d,220229759976
E58B.pdf,workspace://SpacesStore/2463f4cd-8990-4df5-ba3f-f169c4a6fcdb,196985425912
SM198.pdf,workspace://SpacesStore/6262e533-01b2-4d0a-b943-3f32cf933de4,220225831650
PSY1.pdf,workspace://SpacesStore/6b14ebdb-6bb0-4ea2-b559-ecbb5549555a,217708403542
T57.pdf,workspace://SpacesStore/02fc923c-a13c-41f0-bfa7-8a122626bdbc,220669809757
OB22.pdf,workspace://SpacesStore/ccbfe741-7d22-43aa-81ad-9582a43c4fc7,205477146765
E169.pdf,workspace://SpacesStore/defd8c17-5109-4bb4-9bea-2a2854494da0,196998634063
FNT1.pdf,workspace://SpacesStore/9ed6d80c-6e00-4957-8b94-24d5945e0bee,204512928663
T225.pdf,workspace://SpacesStore/26c31c31-33a0-45d6-8453-c7261122b970,220672070300
E55C.pdf,workspace://SpacesStore/774ba46d-2e00-4716-a7bf-5f2f7c7b69ea,196986195154
A172A.pdf,workspace://SpacesStore/d7f6c7f8-8d60-4437-9977-0d71d7b4f175,181349454888
E52.pdf,workspace://SpacesStore/f8425986-662e-404c-b31d-c3137ed8c211,196987564003
E69.pdf,workspace://SpacesStore/ae8aa062-74b6-43f5-9c64-5d37b34379e3,196988103859
P5.pdf,workspace://SpacesStore/d2902876-370d-45a2-b28d-a3e26a31b47a,217581180687
FT60.pdf,workspace://SpacesStore/da655d4f-4edc-4411-bf2d-942c8fe34ac6,204516170682
IB72A.pdf,workspace://SpacesStore/fc361ce5-f17a-4ef3-8f5b-e692bd613c8e,204555145468
SI112.pdf,workspace://SpacesStore/d1fca1d2-ba83-4789-9d5b-b293fa1e66ef,219985389555
SM159B.pdf,workspace://SpacesStore/c02163b2-e8e8-472f-8213-d4fe4a9dde3f,220225080499
M108.pdf,workspace://SpacesStore/e0cbddc6-7dac-4a00-9ef1-0498307e0336,204995154228
PM13A.pdf,workspace://SpacesStore/5e525ae9-d7ac-4ef1-8f20-11e1b279a471,217703678499
E227.pdf,workspace://SpacesStore/c2687691-7285-4a65-9258-f58f6fa72b3a,197006013770
E461.pdf,workspace://SpacesStore/d15c56bb-517e-4963-acd4-519e1f0a4ce4,197382511115
SM235.pdf,workspace://SpacesStore/16cf5905-c1c0-40a4-a36b-eaeb3424d94f,220232390438
F132R.pdf,workspace://SpacesStore/da9fae35-2066-4bb0-98cc-6444e88f8049,203771530409
HR20.pdf,workspace://SpacesStore/e44b3854-dc84-4a77-95e3-430fda347d19,204550377998
P54.pdf,workspace://SpacesStore/a9212444-0420-4db8-a097-fd0f56242bfc,217688747350
CIS4A.pdf,workspace://SpacesStore/d106edec-2af2-4086-9d2c-f8224d115f22,195932453558
RE89R.pdf,workspace://SpacesStore/5f2b72f6-f82b-4929-a44b-56ff7ccc2029,219777384577
SPM40F.pdf,workspace://SpacesStore/782cd6e9-805a-44d1-b045-61e5c5164200,220661246669
M183.pdf,workspace://SpacesStore/b26706ce-9f74-4c29-bc09-a578d203087a,204988188889
SPM29A.pdf,workspace://SpacesStore/3cf34107-ae86-430b-8f7d-4af173627811,220656450837
E154.pdf,workspace://SpacesStore/fb7f1cc3-a65d-4ec7-86e3-3e9698a79e83,196999641898
E330A.pdf,workspace://SpacesStore/0a5cdc15-df34-4377-8702-5afeaeacec30,197359881148
F148A.pdf,workspace://SpacesStore/05f22bc1-154a-4cee-9457-7befb06efaf4,203770610589
SM86.pdf,workspace://SpacesStore/4577ad14-bd60-4287-8167-d685d73509ac,220212899802
CG10.pdf,workspace://SpacesStore/e888e711-ea8f-42dd-91fa-5c8f076010cd,195927038102
RE28.pdf,workspace://SpacesStore/df8194f1-2b41-49d1-b8a8-e4a31391ac9e,219769543349
SI128.pdf,workspace://SpacesStore/3d4829fd-f6a8-4f9f-9ecb-7cc70189ea8c,219987031674
LR2.pdf,workspace://SpacesStore/27a8813a-1895-46f6-9134-048a1bf1029e,204981476130
GS43.pdf,workspace://SpacesStore/25138208-b058-4ae8-8b86-dd3580594d4e,204526631532
T204.pdf,workspace://SpacesStore/939d6bee-0a40-4d27-90e4-e6e7d3092285,220673322724
SI80.pdf,workspace://SpacesStore/f9d7ea34-15d8-4eea-a823-31abaec1424e,219794252726
OSA29.pdf,workspace://SpacesStore/092342f6-45e3-4fda-a3eb-40004e644c0d,217575417790
E301A.pdf,workspace://SpacesStore/f1b6145a-e1f5-443b-bdd1-e4dc94313a09,197359943561
A157.pdf,workspace://SpacesStore/964fe20e-6d6a-4265-bbd7-486e1af7151a,181348702271
IB98.pdf,workspace://SpacesStore/8e58b1d1-0d16-4713-8dfb-05b88b23d825,204556142816
P62.pdf,workspace://SpacesStore/254b6d82-3fde-46fb-add4-53f45f8155be,217689035393
BP231B.pdf,workspace://SpacesStore/9becb86a-065b-47d3-937b-eabc4a3ec8e4,195558598892
GS20.pdf,workspace://SpacesStore/d3493354-7964-4ebe-bb0e-dd353695d665,204521542816
IB56.pdf,workspace://SpacesStore/b6f6324d-b99a-42ff-b986-acdfd102869d,204555359013
T37R.pdf,workspace://SpacesStore/5c606018-03a4-44f1-8b22-4957348b200b,220671647374
E509.pdf,workspace://SpacesStore/20fa0cf0-d79a-48c5-a7b0-9d74e7291027,197392816007
T231R.pdf,workspace://SpacesStore/f7d6c157-d8e4-44fb-83a5-088ea3eefb1d,220672632468
SI127.pdf,workspace://SpacesStore/c526db52-b940-43c3-96bd-5453bd32074b,219989647883
RM11R.pdf,workspace://SpacesStore/da07fd61-365d-479e-b99c-caa9995c4c77,219782449476
RM7.pdf,workspace://SpacesStore/59a86d4f-7921-4a9e-b42d-01033ce5e992,219782721241
E172.pdf,workspace://SpacesStore/657162d2-8e1a-45a7-85e9-70c8d20ee8dc,197001505995
F22.pdf,workspace://SpacesStore/5df62594-54fc-4ae7-9351-1c9e7f41df20,203768501485
A60.pdf,workspace://SpacesStore/e823dcbe-5b6e-46ef-add2-40534e348799,181353970239
F53.pdf,workspace://SpacesStore/a20811a9-5b3b-4b4b-a0c7-6490f5fac32c,203765144546
M134R.pdf,workspace://SpacesStore/5afd552d-c6e6-40a0-9567-e08c9afc0d60,204995438160
SM47.pdf,workspace://SpacesStore/83bed7b0-bc8a-4256-850f-8cad32ac91d6,220200678234
A51.pdf,workspace://SpacesStore/2d76095e-5937-4814-8d37-16462cba1472,181351507846
SI13.pdf,workspace://SpacesStore/9e07ad14-8833-4c7b-a9f1-daef20b7acb2,219973935267
BP107R.pdf,workspace://SpacesStore/e0ae0291-159c-47b8-94c8-0e157e9cbc27,195556905052
UM3R.pdf,workspace://SpacesStore/6cef9f3c-80e4-4b81-a273-6b2cb8d1f18e,220677172350
GS50.pdf,workspace://SpacesStore/46ea2570-4db6-46af-be3f-f69ae13a6c11,204527065824
RE17.pdf,workspace://SpacesStore/fd91754b-7e7c-4438-8443-7ed8d31fe21c,219769430573
SB95C.pdf,workspace://SpacesStore/a6c9f448-1703-4a6f-b318-38657c86c2b0,219783918676
MFG783.pdf,workspace://SpacesStore/ee110041-8978-4102-92cb-bd54ea27b2ec,205464366942
BP129.pdf,workspace://SpacesStore/dbb5729b-29fb-438b-a961-7d2f91d65b7f,195556342025
RE21.pdf,workspace://SpacesStore/328241a4-7574-4172-b93c-c6de9fa74aff,219769989617
E484.pdf,workspace://SpacesStore/0d056820-c2fa-4179-b42f-7be8e02d8db2,197381445048
HR10.pdf,workspace://SpacesStore/94009d0e-6726-43ae-b197-b2442103787c,204545358032
GS40.pdf,workspace://SpacesStore/d6d1901a-d5a2-4837-8583-a1d64e077eba,204524428977
E548.pdf,workspace://SpacesStore/7abb4fce-6107-4361-8b11-29ba790cfd0d,197396821394
IB38.pdf,workspace://SpacesStore/c0334175-2169-43f7-8a20-9341efa09f16,204560008023
SM126A.pdf,workspace://SpacesStore/9d8dd935-6752-45a8-96ae-440b18fd5fa4,220221128607
OIT20.pdf,workspace://SpacesStore/1eaf339e-c908-469e-a221-16784c8444e0,208503094965
SM1A.pdf,workspace://SpacesStore/d4593327-11ae-4866-aab2-0fe7875d3a4a,220198334051
F201.pdf,workspace://SpacesStore/f9ed5872-124f-427c-86de-e2a38e0ff2e0,203762256398
E612A.pdf,workspace://SpacesStore/38f69435-7345-4f12-a5db-817bf4b51ef9,203370893908
DS38B.pdf,workspace://SpacesStore/f1527430-7c9e-4c3a-a4de-1b710a13427f,195935692062
MFG788.pdf,workspace://SpacesStore/14564932-ec8f-4f42-981f-fc8c34cb6891,205461158595
BP10.pdf,workspace://SpacesStore/93dea462-d431-49fd-8f7f-3cd6035c8d2d,195567317907
FT61.pdf,workspace://SpacesStore/f1e6279e-30e6-460f-ae03-1902315734fe,204516338597
E207B.pdf,workspace://SpacesStore/e067691d-0bef-424c-98c0-33d01fe4b679,197004128704
E469.pdf,workspace://SpacesStore/43002033-88c2-41e2-abc3-da3b4d6e7899,197385370496
OIT26.pdf,workspace://SpacesStore/69b6d6a2-a055-4f19-bd10-460882836673,208504410426
M127.pdf,workspace://SpacesStore/f0b78c9a-034c-456f-8ba0-1436d05c3b6b,204995911629
IB67F5.pdf,workspace://SpacesStore/4998d9ee-139b-40de-a903-a81ce41f7a89,204556626829
GS24.pdf,workspace://SpacesStore/ad68b467-0f13-4c28-a5c7-8812c2ec9a66,204525470941
M309.pdf,workspace://SpacesStore/a5b86c04-1c6c-491d-850c-bf8df5143280,229341652223
BP131.pdf,workspace://SpacesStore/ef99046a-fe66-49a2-991e-718617007b71,195556624482
RM19.pdf,workspace://SpacesStore/8fd757c0-4f05-4953-a28e-89ff0081527c,219782650600
FT43.pdf,workspace://SpacesStore/6c108d68-8b9b-45b4-bf77-f4585a2a7b4b,204514333670
M21.pdf,workspace://SpacesStore/e517ba15-68aa-406b-abe3-ccc370dd4b9d,204997428785
T39.pdf,workspace://SpacesStore/494edee5-9302-4506-a37b-f3efa115bde3,220671306402
IB28.pdf,workspace://SpacesStore/56329220-5b49-4e2c-bde9-72c4f594e24e,204558692878
M229C.pdf,workspace://SpacesStore/fdc877de-cb65-4789-8699-ed71ea344ddd,204993639666
OM25.pdf,workspace://SpacesStore/1c95a19f-0e1f-4d1c-84dd-296bab86fd64,208510144940
A92.pdf,workspace://SpacesStore/c7b4fb07-b4da-464d-a39c-02cd4a260cc8,181351315775
FT69.pdf,workspace://SpacesStore/78506a84-9489-44fd-a5b7-3da307888cfa,204516227150
BP162.pdf,workspace://SpacesStore/2f9abcb5-8431-4905-8287-bce21fd86853,195561399219
T15R.pdf,workspace://SpacesStore/b6819493-5b43-46f2-a224-f0a491a10672,220670999604
A174.pdf,workspace://SpacesStore/44e83c3c-297d-481c-8a30-ab492e428e13,181344196562
BP188.pdf,workspace://SpacesStore/3e09afc5-b587-43b7-b598-a26cd746e41f,195562261124
DS63B.pdf,workspace://SpacesStore/8915368a-ab11-4e16-ab71-458ca17dd8c5,195935331638
IB12B.pdf,workspace://SpacesStore/6d6c0f4a-2a78-4243-bfb4-ac7dadb0ceff,204560159671
M30.pdf,workspace://SpacesStore/6a08dbbb-7c3e-44af-8abe-11f456524972,204997121329
E394.pdf,workspace://SpacesStore/53703528-d3cd-4210-ae9e-4a9a62a1eb6d,197368961814
E434.pdf,workspace://SpacesStore/eade74b9-1ab2-437f-a28b-a5d8685e1f06,197369684362
SM89.pdf,workspace://SpacesStore/5aae2a7f-e3e8-4829-a34e-2d23154aebb7,220206565149
A122C.pdf,workspace://SpacesStore/b5b088c7-55d5-4696-80fc-c8175278503f,181922611966
A98.pdf,workspace://SpacesStore/5e23d734-284d-4e75-a7aa-85c666cafcb7,181353844606
FT24.pdf,workspace://SpacesStore/40813b10-629c-4198-b984-0f306a5d566c,204515885757
A142B.pdf,workspace://SpacesStore/9616ba2a-c2f2-45c7-a575-7824b49c633b,181922634559
E320.pdf,workspace://SpacesStore/03113115-5571-41f4-83bb-c740033c3d1e,197362522770
M355.pdf,workspace://SpacesStore/bc7a736f-4eae-416d-b11b-69dc2b7da4d3,229375920609
T36R.pdf,workspace://SpacesStore/6246e8fc-0ee2-402f-96cf-33e4ad7fc756,220671042469
SB112.pdf,workspace://SpacesStore/f9408985-e3a5-4f85-b81d-bbd5cea92ddd,219785291324
FNT2.pdf,workspace://SpacesStore/c71ae752-9b1d-48bc-aace-715680c2ff20,204512899456
SB57.pdf,workspace://SpacesStore/dd68ec09-5519-4fd3-9428-95bcb7e827ef,219783433631
F59.pdf,workspace://SpacesStore/b8d283c3-c6a4-46d1-98c3-fef09b1fc2ba,203766844320
P66.pdf,workspace://SpacesStore/51298d11-4e1f-464e-a1bb-26a8fe37601a,217689087209
E514.pdf,workspace://SpacesStore/3353d752-5f65-4e11-b749-419a79646b1b,197393292003
BP192R.pdf,workspace://SpacesStore/cd286739-95d5-41ad-9338-dba9b79ede7a,195562175567
E540.pdf,workspace://SpacesStore/a7644673-5796-4999-a495-d193a3b1642d,197397525918
M61.pdf,workspace://SpacesStore/11ec836c-2b7c-48cb-866e-9c46d1f7201a,204992716013
PM26C.pdf,workspace://SpacesStore/75a5466f-d3b6-4d94-b8d2-590c713e9d61,217701606217
BP168.pdf,workspace://SpacesStore/4a4b829a-6dfb-4457-b68c-516693389e10,195560834350
A227.pdf,workspace://SpacesStore/e422fd34-a261-4f6b-b28e-7d58e3f58e89,194818972114
M204.pdf,workspace://SpacesStore/4039f817-4c1b-4a71-b0dc-0e99af195ff2,204994757675
SM149B.pdf,workspace://SpacesStore/51e8fd0d-8d6d-4c8e-84a9-7ce0dea9e144,220219028458
P27.pdf,workspace://SpacesStore/0372a05f-7127-4ac4-9b49-db1b75b10600,217583568005
OB35A.pdf,workspace://SpacesStore/c0fefce8-93dc-4253-a12f-6cffcd08f408,205473528211
E46C.pdf,workspace://SpacesStore/27b1d55e-2add-441b-88e1-d3284d329ebc,195947945514
M119R.pdf,workspace://SpacesStore/8c1a3580-5d38-48e5-a5db-4534b47b770b,204995354565
GS79.pdf,workspace://SpacesStore/d51bbd72-dc2e-4d5a-861e-4cb3c363d321,204539157197
A230.pdf,workspace://SpacesStore/5247a41f-0af2-467d-af23-1e8c159a7c8e,221870729795
T5.pdf,workspace://SpacesStore/19a17e15-a98c-4450-819a-b9f6267eb1de,220671905689
SM141.pdf,workspace://SpacesStore/1cc15bb4-8c68-47c3-baba-9b3b2c46b537,220218454645
SI14.pdf,workspace://SpacesStore/a8e3543a-c1e5-4f50-a272-546dd4e7116c,219795571386
T194.pdf,workspace://SpacesStore/20537a63-3a59-4df8-a27d-5f765cfe09fa,220666891247
M206R.pdf,workspace://SpacesStore/5dc1274b-67fc-44bb-9a70-1f0ec68ba1b9,204994311733
M229D.pdf,workspace://SpacesStore/3ff416da-2a58-4d92-bba4-9d9001c712da,204993375537
BE9.pdf,workspace://SpacesStore/dbdf7f5d-9327-4766-9768-60e4ed8aa686,194823753059
E42.pdf,workspace://SpacesStore/cca4ac92-952b-4996-a029-8d621be22848,195948621661
E552.pdf,workspace://SpacesStore/f730f76a-ed9a-453d-9df2-30dc06f4f714,203343476568
E505.pdf,workspace://SpacesStore/fc3786cc-c4d3-4dd0-a85e-a85587aea0cd,197390094415
PD1B.pdf,workspace://SpacesStore/8597632f-a25c-4870-8e92-f4932f866b6d,217699187169
IB40B.pdf,workspace://SpacesStore/74ed73d6-5384-4e0a-9adf-1d20631af257,204558133279
F184.pdf,workspace://SpacesStore/0841d4f5-2f1c-4d7f-8775-717bb35a9bd3,203772528709
PSY3.pdf,workspace://SpacesStore/33e35d77-4661-41c2-b4e9-485e7dcfadde,217708300198
SB96.pdf,workspace://SpacesStore/5f205f2b-2987-4a66-85de-de42ccb845f6,219783750968
IB22.pdf,workspace://SpacesStore/3259a073-22fe-4ece-9519-aeb4ea7b0062,204558279745
OIT101B.pdf,workspace://SpacesStore/92fcceee-243a-4527-a24b-bd5156044d88,208502400781
OD6A.pdf,workspace://SpacesStore/c9331649-ee08-4395-9fc6-89b5d4f38c62,208496560990
E243.pdf,workspace://SpacesStore/95a03269-f290-4e41-8756-76ed04653032,197007274004
GS84.pdf,workspace://SpacesStore/5856f215-5615-4ecd-b064-6ec1fc3ab22a,204537494866
E404B.pdf,workspace://SpacesStore/2d447f8c-e25d-452c-97dc-558f20b376a8,197374643402
SM76.pdf,workspace://SpacesStore/f47089b3-1ce7-43d7-8117-b62394c608f6,220209573738
A76.pdf,workspace://SpacesStore/a5eae849-1f07-4bc6-80da-4a16f2b1aa86,181351509594
BP81.pdf,workspace://SpacesStore/d28b5ea5-1646-4047-b7f9-c0c36d85c279,195563387580
E500.pdf,workspace://SpacesStore/32fafa88-113a-4288-996b-ea556773fc1c,197382622604
M298A.pdf,workspace://SpacesStore/27360dda-de45-4c74-b740-c1512328028a,204985660686
RE97.pdf,workspace://SpacesStore/6312a8a7-91b3-4bdb-b912-686925de4125,219777768389
RE115C.pdf,workspace://SpacesStore/770897d3-69cc-4a49-9a76-9b88dd425d5a,219765146787
A143.pdf,workspace://SpacesStore/a1bba5c4-ba8f-4ef6-bbe6-39cc413f0add,181920826785
M267.pdf,workspace://SpacesStore/9fe96b40-57b3-4f1c-949c-c3309c2be43e,204983472464
M344.pdf,workspace://SpacesStore/d2d5eb8f-cd0a-470f-ac94-593df230c37d,229339493649
BP167C.pdf,workspace://SpacesStore/5ae2f4ff-7414-43e6-a41c-6eaa417caee3,195561477344
RE4.pdf,workspace://SpacesStore/f390d3b4-d06f-442c-b217-78cfa7da9de3,219769401101
RE80.pdf,workspace://SpacesStore/45dea34a-f15c-462d-bbfa-602a5de5cc44,219777417658
F98.pdf,workspace://SpacesStore/8a74ae53-3a06-4e84-8758-742551fcd9fb,203764341434
MFG802.pdf,workspace://SpacesStore/ade5cde0-737f-4ebc-bd97-865cf49e5c8a,205461827989
RE102.pdf,workspace://SpacesStore/dd48de86-eed7-46c5-964d-60863456d636,219763378417
SPM33.pdf,workspace://SpacesStore/0d902a70-0b0f-428a-9f92-d14b8d9e392d,220657532259
SM128.pdf,workspace://SpacesStore/15aac1e7-50f6-4140-916f-38e35878aeac,220219345689
E597.pdf,workspace://SpacesStore/34858aa1-d278-4d82-8332-a3cca347a984,203352024463
F73.pdf,workspace://SpacesStore/fce07cfd-e19d-4afd-85a8-7c6da7c7e93f,203766409242
T180.pdf,workspace://SpacesStore/4e46ae4f-7a63-4228-a618-956cc641959f,220666379500
IB16C.pdf,workspace://SpacesStore/bef3dbcb-10b8-417d-8302-fb2a57e6c38b,204559183290
OIT93.pdf,workspace://SpacesStore/e0919fa0-2a06-403e-855e-156b261cca43,208501613891
SI73.pdf,workspace://SpacesStore/4c7bbcfa-cedf-4d1f-9889-1653a0d4f93d,219792753693
IB30B.pdf,workspace://SpacesStore/ffbd4354-4cb3-47c4-9828-1b1037a5c3d3,204561011132
IB90.pdf,workspace://SpacesStore/c679e6aa-b1c6-4231-b78e-64ca3c98c1c6,204556356321
M274.pdf,workspace://SpacesStore/8fc9e8bc-f9f0-4a68-b268-11a714f574b2,204983440017
M76R.pdf,workspace://SpacesStore/d509e905-fc18-4a6d-b4bc-cb914779557f,204989853943
RE3R.pdf,workspace://SpacesStore/b7ab5d1e-9cb1-44d3-b21e-7246fd3be6ae,219770097359
OB19H.pdf,workspace://SpacesStore/f0d075ae-b325-46e4-bd6c-b3e5d62202d1,205474892797
RE16.pdf,workspace://SpacesStore/da75d358-3d3a-447f-9fcf-8670407a5a98,219770068235
A21.pdf,workspace://SpacesStore/ca512e8d-82db-4d5d-9230-8d248bdb3f14,181357110888
E440.pdf,workspace://SpacesStore/399feaba-034e-48c9-ab18-ed3f29558501,197372570968
M225B.pdf,workspace://SpacesStore/ed7b0fe0-4f09-4f66-8b00-5693628eeae0,204994079053
F287A.pdf,workspace://SpacesStore/18416061-e001-4449-bd81-e0e8a960d3c2,203774732509
GS49.pdf,workspace://SpacesStore/78273521-10c4-4e5f-847f-d4b570e35521,204528356709
GS82.pdf,workspace://SpacesStore/47ba0ad6-bdfe-4257-b7d0-aee3781d545b,204538839930
F279.pdf,workspace://SpacesStore/c0121257-3dd0-4616-a651-233cda9c9146,203773823223
FT4.pdf,workspace://SpacesStore/19be521d-4358-4552-950e-90b0e53abcce,204514910284
SM27.pdf,workspace://SpacesStore/c4b48b1e-d924-4933-a783-2511bf876f4b,220205441910
BP33.pdf,workspace://SpacesStore/120cbbf4-9087-4a91-be19-c014399856ce,195566700723
E600.pdf,workspace://SpacesStore/4128e8e3-ae65-4def-8d38-0e563a4bb515,203350992553
E171.pdf,workspace://SpacesStore/8caaa7d9-e250-4b01-8666-5d73bb05e166,197002301270
M316.pdf,workspace://SpacesStore/4f7c1c15-1945-46b4-a9a3-b30b0b9b5185,229339365572
F202.pdf,workspace://SpacesStore/f837f91d-130c-4a1d-ba35-84847791f522,203763514106
RE13.pdf,workspace://SpacesStore/d5e52ac0-9181-470e-a116-d86510340ee5,219769514509
E530.pdf,workspace://SpacesStore/350a047b-98c6-42f6-8f83-cb244aaab168,197393690157
P50.pdf,workspace://SpacesStore/33ac9a44-a074-437a-aabc-9cdfc9b50237,217581270922
BP218.pdf,workspace://SpacesStore/b27e798c-5d80-438b-bd1f-9f52a28fb9be,195558269736
BP19.pdf,workspace://SpacesStore/d1ae4429-13e9-475b-9822-83c3aaf45796,195567070846
SM262.pdf,workspace://SpacesStore/dff25309-c4fd-4680-b874-490bf7642126,220467107209
P90B.pdf,workspace://SpacesStore/a396584b-19ca-42f1-a531-2e35c137e3bf,217693535668
OSA16.pdf,workspace://SpacesStore/8c5d81a4-ac56-4b10-865a-4a5046f27036,217574704425
RE108.pdf,workspace://SpacesStore/db3e149c-302a-4b89-876f-dc7984b79bc8,219763374287
HR41B.pdf,workspace://SpacesStore/d22eebc6-686c-4230-a7bd-3394e3264fd1,204552896345
SM32.pdf,workspace://SpacesStore/342f37ef-aae2-4066-8fbb-8fe6dfd7b29d,220204474693
E7.pdf,workspace://SpacesStore/99779778-50d5-4fbf-a895-c61098cb5906,195943352684
M162R.pdf,workspace://SpacesStore/3dd160f1-6ae3-4ad0-bf14-7a60579315d4,204988340258
SB125.pdf,workspace://SpacesStore/620a3e3a-d76d-4cf2-aa75-594ab7626af2,219785204362
E135B.pdf,workspace://SpacesStore/b3847c69-d914-48d9-a0b9-845c7786e3b8,196996966693
P10-Business358.pdf,workspace://SpacesStore/40c6813c-0aee-4c5f-b10e-cbea87244c16,217584364923
SI60.pdf,workspace://SpacesStore/e750841e-cd40-48f5-b357-73b9eac3716e,219793255620
M98.pdf,workspace://SpacesStore/0fe39bd8-2dca-422e-8342-68591236250c,204992049112
A205.pdf,workspace://SpacesStore/ecc74c3e-a558-41a9-9592-41763925129a,194817767446
BP262C.pdf,workspace://SpacesStore/ba81943f-c819-45de-91f3-ea61d1c83a6c,195564655494
SM129.pdf,workspace://SpacesStore/5458339d-ea62-41cf-86f7-dcb4659be9e1,220217854165
E466.pdf,workspace://SpacesStore/bcb70b89-88e6-48f0-a1bd-7a62084ef468,197386375510
RE42.pdf,workspace://SpacesStore/aa5822d6-54e1-4114-86cf-f2e5390676bb,219770028505
OB83B.pdf,workspace://SpacesStore/84848c07-3b17-48bf-8571-002ea511e95d,205957149569
LR3.pdf,workspace://SpacesStore/eb5170d7-13b1-4d29-92d9-b50fce7bc9ae,204981309276
BP217.pdf,workspace://SpacesStore/cdc573b5-50b6-431f-b730-6fd2f58bcbff,195558237968
M337.pdf,workspace://SpacesStore/8c64262a-9452-43a8-bd44-8a2464307e06,229331955324
A122B.pdf,workspace://SpacesStore/1d2ef611-4e80-4c73-8554-9d94d7765e98,181922688867
L1A.pdf,workspace://SpacesStore/6a572b55-f4ee-4a5d-b72f-770ab49e3376,204976657917
E511.pdf,workspace://SpacesStore/f15f80ad-2b4d-4a5f-988b-304323dc799f,197391028396
SM72.pdf,workspace://SpacesStore/0ce20eb2-bfa4-46b2-b361-4f42f1d45b7f,220207173750
T31.pdf,workspace://SpacesStore/875492ed-0af9-4292-a5e4-af7f78338cd7,220671601421
IB48.pdf,workspace://SpacesStore/80d8dd42-02dc-426c-89d7-12a877302b8c,204558496603
F124.pdf,workspace://SpacesStore/1e4b31c4-5a49-4524-9d5d-bb1dde790680,203771178348
SPM32.pdf,workspace://SpacesStore/6ac513a0-19f8-4d3e-93fc-6e0bcad610ac,220656943895
M35.pdf,workspace://SpacesStore/590e7650-7d87-44c6-a369-7aa872940ec7,204997517528
FT40.pdf,workspace://SpacesStore/db6e447c-b48c-4151-ad2a-044836c1b306,204515579807
SI129.pdf,workspace://SpacesStore/ed250d10-1629-43c2-9096-9628b48a7e2e,219989235690
M290.pdf,workspace://SpacesStore/7020354f-92cc-4a20-b00c-f92756be1b53,204984939652
E79B.pdf,workspace://SpacesStore/cc142db4-ae6e-4502-8b97-81ed120b5dba,196982745141
E436C.pdf,workspace://SpacesStore/b808ee12-0f15-4083-b10f-571b59e4bec4,197370208893
E345.pdf,workspace://SpacesStore/2db25d7b-e33d-4e1b-94cc-6474551b8694,197363497939
RE116.pdf,workspace://SpacesStore/c13b9971-640f-4b16-a321-bb5881c24243,219763920456
E574.pdf,workspace://SpacesStore/14ca277f-8f59-4023-ac98-ff9385673b37,203344941847
M301A.pdf,workspace://SpacesStore/6f3f2a31-9bec-4d48-8150-2545b00b8d44,229337899987
BME9.pdf,workspace://SpacesStore/427b1ead-3547-43ea-b8d8-ffdb60e5ab13,221883712219
E59.pdf,workspace://SpacesStore/619ac707-bd5f-4629-a03f-df515f80557c,196983179582
GS56.pdf,workspace://SpacesStore/2e541907-48c7-473c-8313-e3341e354192,204534933147
E287.pdf,workspace://SpacesStore/7579e96d-b528-4fde-a89e-557d7d5d4508,197009150167
T86.pdf,workspace://SpacesStore/1743d053-7ec6-4c00-8892-5a99e81f7cd1,220670003350
DS57.pdf,workspace://SpacesStore/239bb38a-f41c-4222-b5fc-fdca840e89c2,195935091420
DS51A.pdf,workspace://SpacesStore/06de5f99-b069-4dce-8761-0d383657f2ca,195935522940
E288.pdf,workspace://SpacesStore/5fbf6103-dfb1-44fe-bd3d-430811f41805,197010978065
M34.pdf,workspace://SpacesStore/3b1ea11d-77e9-457e-abc2-98d38bce31ba,204996840254
BP74.pdf,workspace://SpacesStore/db8e143f-8167-45c8-af87-4ac4d7a9f063,195562962500
HR42B.pdf,workspace://SpacesStore/c286e92f-2be4-4fe9-ba2b-7f54809d6a13,204552818864
A59.pdf,workspace://SpacesStore/b28a379b-a001-4404-855d-5bbee8dd9257,181353543021
RE74A.pdf,workspace://SpacesStore/31c8aef3-67e1-4987-af23-5709dc9b66cc,219777605562
SM209C.pdf,workspace://SpacesStore/2bd270b9-051d-42bb-9d69-df48c6d6db82,220459063743
OB48B.pdf,workspace://SpacesStore/d1100227-94d3-441b-8a43-06b89d14fa2c,205478136699
BP151B.pdf,workspace://SpacesStore/f155b1c4-d396-4f42-b9eb-4bd8c7574267,195561366710
F312.pdf,workspace://SpacesStore/065479aa-42e2-4079-abfb-aff2585c29d2,203775244680
E559.pdf,workspace://SpacesStore/a45a0096-ea55-4d2c-9931-4ae2a8524699,238403862605
BP189.pdf,workspace://SpacesStore/07a4a665-0dff-4bc0-8956-70092500f40e,195562132905
SB50.pdf,workspace://SpacesStore/33ee4428-3662-4223-aaca-df9cb0cc9f6e,219784011594
GTM262.pdf,workspace://SpacesStore/cab9329c-d16d-4f6f-8c81-5af71237ce65,204542660431
SB25.pdf,workspace://SpacesStore/a2fa6458-5185-4d32-910b-849f6952a044,219783987154
SI67.pdf,workspace://SpacesStore/73495ea6-d498-499c-aff1-caef2aaff2c8,219793511583
RE100.pdf,workspace://SpacesStore/7fbe3d01-4d91-493b-981b-12800ce41b55,219777412365
M303.pdf,workspace://SpacesStore/7273fd83-500b-41b0-9518-339af5a61aa2,229332362109
E450.pdf,workspace://SpacesStore/04f7f6bf-20ca-4279-b951-5304bc5c59f9,197374946471
PM14A.pdf,workspace://SpacesStore/5587a4c9-2849-4524-828f-c46ed68ca33d,217700998021
F3R.pdf,workspace://SpacesStore/466e9e0a-c622-44c0-99e4-da6363db088d,203768514939
T202.pdf,workspace://SpacesStore/acf782cf-1c7c-4fc0-ace9-4dcff30812f5,220672710912
FNT8.pdf,workspace://SpacesStore/998d6930-afac-4c2e-a653-0c03327e7fbb,204513185397
SM251.pdf,workspace://SpacesStore/15eac5c7-9527-469f-bb64-35e913b5d7e3,220467031869
OM10.pdf,workspace://SpacesStore/2dd95f62-d47e-43cf-a853-12ad157ac549,208509980903
SM90A.pdf,workspace://SpacesStore/037f5a81-304f-49cd-92f4-08354fff8ba1,220211378266
E579.pdf,workspace://SpacesStore/222bb774-ea71-46ab-834f-0d21489fe59b,203345999093
BP242D.pdf,workspace://SpacesStore/21eb2afe-fee0-477d-a70c-e13b4802f29a,195557868413
GS51.pdf,workspace://SpacesStore/029742a8-8ebc-4ba2-aaf0-1c0a6c097b53,204532306612
OM1.pdf,workspace://SpacesStore/462c86fb-5586-4d40-b99e-cc1e35aa0250,208510053451
M3R.pdf,workspace://SpacesStore/fe17b924-2d16-4ac8-8d98-e3296e9cdd3b,204996942247
SM132A.pdf,workspace://SpacesStore/cec6296d-287b-4955-b5d3-d1f68df6eb1d,220220649964
BP161.pdf,workspace://SpacesStore/9fc4222b-b5dd-45df-a69c-fd6d970a3358,195561201432
BP5.pdf,workspace://SpacesStore/decf926c-3350-4a20-8d56-aad55278f4de,195567196592
SI100A.pdf,workspace://SpacesStore/fc784faf-ea2b-449e-b133-f86ecaf2c415,219792070988
SM28A.pdf,workspace://SpacesStore/e9c4035c-9591-4bad-94a2-30daead7f36e,220202716798
M273B.pdf,workspace://SpacesStore/f9cc7c14-7132-4daa-b463-3e7d279856f2,204983681410
FT31.pdf,workspace://SpacesStore/fe689f56-53be-4d0c-a7c9-5f11fc2589f4,204514785093
E55D.pdf,workspace://SpacesStore/0467a7cd-4b49-4f9b-afb5-791416634107,196986166295
IB67E5.pdf,workspace://SpacesStore/716b2f27-9dc5-44e1-bf95-e09c6e03f5aa,204556669264
F178R.pdf,workspace://SpacesStore/fefc43e1-374b-4554-a4dd-05ce56cf139e,203772839838
T214B.pdf,workspace://SpacesStore/f12497ef-5774-43fa-ad6e-f7095b31c138,220672999111
RE81B.pdf,workspace://SpacesStore/7920b337-30c6-4d75-9862-28a2d83a4d33,219777627221
E270.pdf,workspace://SpacesStore/baca55e9-4041-4ca3-b501-e147ed77dd75,197012934721
E544A.pdf,workspace://SpacesStore/171d2be5-051b-472f-8d13-f1babf9eb1dc,197395297152
F181R.pdf,workspace://SpacesStore/8accc5bc-4c8e-4128-8c6f-95babb836043,203773074268
M82.pdf,workspace://SpacesStore/d4addddc-cdca-4132-91f8-33c074f2d925,204992612750
F89.pdf,workspace://SpacesStore/d1fe2f9a-f80f-4965-822d-679a932a15af,203764658090
E625.pdf,workspace://SpacesStore/03f919d5-7123-480a-b546-7e9470617945,203372045634
M88.pdf,workspace://SpacesStore/f49642d5-0498-4b22-8bd4-df026adb0300,204992441442
T77.pdf,workspace://SpacesStore/74386298-f30e-45e1-8121-ed6c79411829,220668923448
BP121.pdf,workspace://SpacesStore/e222be80-009c-4642-8df2-f0e02b080ff8,195557165913
E175.pdf,workspace://SpacesStore/debb8f8b-605e-4197-8dab-737a3b1d8541,197001464635
T100.pdf,workspace://SpacesStore/42f33621-ab3e-4ed9-a957-4b8905001930,220668945176
P13.pdf,workspace://SpacesStore/256f8d9d-c024-46e0-b6aa-b2eb145adab3,217579315992
BP12.pdf,workspace://SpacesStore/8719eb79-fea7-48c8-96c3-4475357c85ba,195565766305
M102.pdf,workspace://SpacesStore/28b03da6-a05d-4669-94e0-1ee812502c9d,204995378870
F13R.pdf,workspace://SpacesStore/740a0e4e-327a-4097-8e6a-f3ac89001027,203767452956
BP99R.pdf,workspace://SpacesStore/38e38c2e-acba-4c03-b00d-d3baee24af64,195563917195
A82R.pdf,workspace://SpacesStore/9b02402b-82cd-46a1-8eab-9eb6eb772d35,181352586376
SM35B.pdf,workspace://SpacesStore/766cf598-a637-4a55-be57-20de93c7b28e,220201848555
P15.pdf,workspace://SpacesStore/f935dcca-3cb9-4eeb-9c3b-cca224394aa3,217585153513
SM92.pdf,workspace://SpacesStore/4b4747d8-5ceb-48fb-8b65-da308913429c,220210569887
BP271A.pdf,workspace://SpacesStore/4a5b26dd-474f-4b56-b721-e936d75a0471,195564751909
A79B.pdf,workspace://SpacesStore/1c804642-6028-4184-8900-636027004041,181354979410
OM38B.pdf,workspace://SpacesStore/e1471177-562b-4327-bfcb-12cef393775c,208510203818
E521.pdf,workspace://SpacesStore/1caa42a0-027f-4b38-8c5a-742cda578a98,197397889253
M353.pdf,workspace://SpacesStore/fc06040c-fe97-45f6-9fb5-c6e1237240dd,229370540011
BPP5D.pdf,workspace://SpacesStore/bedd7b0a-89b2-418f-95a4-673aeec50c7f,195925032162
A175B.pdf,workspace://SpacesStore/3e04d432-8527-404c-acec-78b745f014dd,181342129942
E433.pdf,workspace://SpacesStore/edac651a-3029-423a-bb9f-e0300abb7da4,197374898048
M59.pdf,workspace://SpacesStore/dac483e5-4794-43e8-b351-4662318b946d,204990863607
A57RR.pdf,workspace://SpacesStore/ed344691-25aa-40da-8a96-c715c164a99c,181355515346
F306B.pdf,workspace://SpacesStore/fa644ef6-83dd-4233-ba70-c7e6fa3204a7,203775332984
SM119B.pdf,workspace://SpacesStore/e686e190-5158-423e-aeb5-396ff24d7db7,220213831260
IB46.pdf,workspace://SpacesStore/cb05deba-5996-49b9-a4af-7ac83ff872e2,204560032309
T150.pdf,workspace://SpacesStore/77e4f1e4-07db-4b46-8c35-b32077a621d9,220667313872
RE110B.pdf,workspace://SpacesStore/b22133e7-2192-4099-a444-fb3f21f48baf,219763324116
E436D.pdf,workspace://SpacesStore/3fd59b24-5948-4b9a-81dc-3df142bed303,197370177103
A208.pdf,workspace://SpacesStore/1f35ac0c-3e1d-4b10-8d6a-e261991f676f,194819827707
OIT78A.pdf,workspace://SpacesStore/2601c9b9-c38c-4ce3-803b-9a0dfb3043e9,208501009939
BE13.pdf,workspace://SpacesStore/04e186d7-86db-4c68-95bb-10d7a6273cb7,194823070140
BP174.pdf,workspace://SpacesStore/8125f80f-8c62-4a9b-8fb8-faf7365b6022,195561192781
M140.pdf,workspace://SpacesStore/5f3bac8f-b546-4d05-a6df-4ed71f46b51e,204996452107
SI142.pdf,workspace://SpacesStore/69732ef9-9c29-492a-baf6-463cbb45483e,219989000577
GS86.pdf,workspace://SpacesStore/3fed393b-fe4a-4f53-b0e8-e503cdcc7ddc,204539371228
IDE02.pdf,workspace://SpacesStore/3950ba2f-19f2-4870-92e4-3dc5b006ba2f,204971728431
OIT94.pdf,workspace://SpacesStore/f279db70-a8ce-4e5b-b545-f7c035e7c7f1,208502484190
E31.pdf,workspace://SpacesStore/91addb95-65a7-487b-903c-8415f77b4428,195945810745
E200.pdf,workspace://SpacesStore/7681e02f-8f60-4e6a-9a6f-e6d645de3e63,197000152936
SI36.pdf,workspace://SpacesStore/0806f7e5-6443-4647-ac7d-265af13aaedc,219969269795
BP61.pdf,workspace://SpacesStore/f1099125-000e-4646-8498-c03a266142d9,195563221339
E329B.pdf,workspace://SpacesStore/78db91a8-266d-4308-a886-5453732e8b80,197361123039
FT55.pdf,workspace://SpacesStore/e28fe501-9363-428f-ba4b-e3dc098483bb,204517004654
A189A.pdf,workspace://SpacesStore/d5624187-5771-486c-bc71-f983eba3beb4,181345813468
M144.pdf,workspace://SpacesStore/a90d9824-77d3-4208-b471-0bf4f8f0c153,204996528823
L17.pdf,workspace://SpacesStore/ce585464-f1b0-4206-9dd1-c2886c7b07c7,204976485929
HR26A.pdf,workspace://SpacesStore/47d85555-5a3a-4e16-be50-f2194c26dacc,204548695900
M222.pdf,workspace://SpacesStore/4d366d61-b5b9-4fdc-a816-a0ef7cc7e857,204994792750
M333.pdf,workspace://SpacesStore/745849e2-a1f9-4458-8b40-a9a704d1042f,229336847137
BE6.pdf,workspace://SpacesStore/719bc612-17e9-4e6d-a273-ab16373d0ed6,194823120166
F285.pdf,workspace://SpacesStore/0b108ed6-eaa0-45c7-b70f-7d77e60d308f,203774379854
OB84.pdf,workspace://SpacesStore/f4287c69-41f8-479a-a80f-82e7c325cf84,205945400268
OD1B.pdf,workspace://SpacesStore/83d36ece-5f0b-4df8-8d27-585865492fba,208495865832
OIT80.pdf,workspace://SpacesStore/9e120919-31c8-4766-8295-fc31f3cff9f9,208500026170
E629.pdf,workspace://SpacesStore/b2421271-96db-451d-8b3c-274e829bfb91,203370772506
RE52.pdf,workspace://SpacesStore/d6e711a6-99ad-4c33-81cd-023d29f94144,219777761409
BP133.pdf,workspace://SpacesStore/c90bdf36-021d-44fc-bd61-c4ea49128981,195555795807
A127R.pdf,workspace://SpacesStore/94dfe27e-f355-4d30-84d2-92577eff8fe2,181921807630
SM72C.pdf,workspace://SpacesStore/7194010c-d3c6-4714-b8d7-ee4ffcd29536,220207089264
M298B.pdf,workspace://SpacesStore/1c11108e-1593-4764-9d69-1e2520426eff,204985626703
SM125B.pdf,workspace://SpacesStore/b14101ba-84e0-4289-9d6d-ef4499081ceb,220217242757
BPP3.pdf,workspace://SpacesStore/83a1b775-564c-498b-8968-20dd98e64b32,195925130633
A134N.pdf,workspace://SpacesStore/a52b991d-2342-4935-b9b1-21a9254394e6,181922064270
M346.pdf,workspace://SpacesStore/7e114e5f-912e-42b3-9c59-0cf5ee19aba2,229339956425
IDE05.pdf,workspace://SpacesStore/fc36cd29-cb5c-4eeb-9051-236a8e798003,204972718775
OB26.pdf,workspace://SpacesStore/7aaa6969-776e-4031-938d-ad9fb62d108f,205472477428
E310.pdf,workspace://SpacesStore/d236c42b-3d83-471f-afab-43576c951120,197362927721
BP256B.pdf,workspace://SpacesStore/ccf54ff7-d0c5-4cf2-9371-06fb12890f2d,195565068308
CG20B.pdf,workspace://SpacesStore/bd8feda3-6e58-4246-8a9c-60352f4a1db6,195928916895
SB106.pdf,workspace://SpacesStore/a0a431b5-09fb-4016-8a03-0d4854fe61e1,219784761676
M293.pdf,workspace://SpacesStore/2494f25f-123f-4d19-a96a-f2cae0b1a67a,204983534684
BP256C.pdf,workspace://SpacesStore/3c5adbbc-bd0e-40d0-a209-a2ebc8af5589,195564986028
EM1.pdf,workspace://SpacesStore/e5c43d74-25ed-4aa9-b1a8-25f0db769df8,203759721960
E266.pdf,workspace://SpacesStore/14fcaf95-1083-466a-845a-a3e8bf983665,197009000229
GS4.pdf,workspace://SpacesStore/d7d2235f-b53e-4689-8276-b96d0593c9e0,204522539822
T58.pdf,workspace://SpacesStore/44e89aea-15c4-4cca-be62-3b76b04fcc05,220669789321
M287.pdf,workspace://SpacesStore/43b449ff-8f95-44e8-b6b7-2dbf7346debf,204984068020
F80.pdf,workspace://SpacesStore/e5f5388a-e8fe-44d6-9dba-5676500cfa45,203764800616
M216.pdf,workspace://SpacesStore/b8a91cd0-c2e9-41a5-a93a-8187edd7a614,204994483989
SPM30.pdf,workspace://SpacesStore/99e2027b-41e7-4fb6-b3e9-ae63105507af,220656759565
A144N.pdf,workspace://SpacesStore/f321d1dd-8d9b-4a3c-b9a7-020187105e3d,181923350608
OB25.pdf,workspace://SpacesStore/09bdc7d7-6d01-4c98-8ab1-ed22b505d400,205475471427
E497.pdf,workspace://SpacesStore/03d5a82b-92e8-44ad-bd90-234320fc5898,197383316286
E97B.pdf,workspace://SpacesStore/1dafceb2-d7d4-4961-9b0c-ac9874b7494e,196983465514
E113.pdf,workspace://SpacesStore/24a0eb96-5941-4ba3-8fdd-6c6b8f0c59dd,196988831766
E166.pdf,workspace://SpacesStore/6f6b0f81-f4eb-4642-994c-8d191a1b6cd2,196998334899
M298C.pdf,workspace://SpacesStore/544f295d-8c6c-4335-b263-5e3ce2105faf,204985564759
DS46.pdf,workspace://SpacesStore/ecbe48f5-4d72-4de0-929e-4834a25ea7cb,195935735264
BP251.pdf,workspace://SpacesStore/3a8120dd-fb01-4930-bad6-d9d54def40dc,195564593844
SI47.pdf,workspace://SpacesStore/7ae19d56-1bc7-4ec8-a871-a3c1bb30f2aa,219968637970
M81.pdf,workspace://SpacesStore/8b3bf189-3c68-4b9d-8e8b-5682589d1e7f,204990169277
IB89.pdf,workspace://SpacesStore/ef318b5d-a508-4a55-8b85-ec6eb58a73c5,204555634333
PM8B.pdf,workspace://SpacesStore/d0e7a8a3-8beb-47e7-8a16-b317529d6a10,217702282478
A217.pdf,workspace://SpacesStore/db83d507-e3c7-4b9d-bb17-e435089d410a,194818111846
E492.pdf,workspace://SpacesStore/378902bc-c46a-49c8-b986-5f85d3cc8413,197387429626
E228C.pdf,workspace://SpacesStore/671bf27e-483e-4076-b463-801e32de4888,197005753133
SPM43.pdf,workspace://SpacesStore/d45603a1-7a07-40f1-90c0-0677ab59a012,220662144973
T103.pdf,workspace://SpacesStore/7b563fa7-20c9-4f71-ae35-066d0278d068,220667424813
EC21B.pdf,workspace://SpacesStore/56aabc67-261c-4b18-a924-7b9993bc1f80,203747472983
M7.pdf,workspace://SpacesStore/494bf236-5160-4aa9-a45d-9ed1443b2cfd,204997252004
RM10.pdf,workspace://SpacesStore/46dd9efc-a3a8-46f7-a6cf-14b4f817ef02,219782488256
M32.pdf,workspace://SpacesStore/cfb6e2cc-bc38-4ca5-a152-20a28cf67a78,204996826028
M202.pdf,workspace://SpacesStore/9287e0c7-89e7-424a-ad8f-613626d6d1e9,204993774428
A64.pdf,workspace://SpacesStore/44afe11b-689c-4f65-a6db-850ed912676f,181353694350
FNT12.pdf,workspace://SpacesStore/7f604d37-1bf3-49bf-932d-2695cedd5400,204512830217
L16.pdf,workspace://SpacesStore/855571ea-4537-4a7e-955a-42f4300bade8,204976621654
F130.pdf,workspace://SpacesStore/d3f66df5-5c10-4c58-ae99-93983c1c3855,203770746431
BP55R.pdf,workspace://SpacesStore/587f2cd7-b8ee-4dc4-b486-d482d25fa2f9,195563787129
BP254.pdf,workspace://SpacesStore/ce00ed4f-54fe-4385-83ad-2b836afef875,195564647326
M273A.pdf,workspace://SpacesStore/9d652ed4-dada-4e4d-a523-383b953f90b6,204983683993
SB65.pdf,workspace://SpacesStore/73573219-c10e-4f55-9555-1660eea16f05,219783488824
A103.pdf,workspace://SpacesStore/82e2feac-065d-4c74-9914-c6a10e6c3bc1,181922390965
SB121A.pdf,workspace://SpacesStore/ceeb8a5d-d20d-4496-9bef-024bf4b58a9f,219785131171
SM28B.pdf,workspace://SpacesStore/eb4cf5e2-fc90-4a83-86af-347adc3840b4,220202533022
RE54.pdf,workspace://SpacesStore/03951ad5-4e16-4afd-8410-11c4dcb2bbba,219777331225
E589.pdf,workspace://SpacesStore/a7c824d4-f046-47c8-a448-0211337f44ba,238404688719
E99.pdf,workspace://SpacesStore/a915771b-8c8a-4e09-a3cc-e631a60c4586,196987673034
F232.pdf,workspace://SpacesStore/ba2c8070-d7b4-465e-a7dc-38801b6caaab,203763794313
CG4B.pdf,workspace://SpacesStore/be5554b2-9852-448d-8f4b-079e9cf1f092,195927487065
BP221B.pdf,workspace://SpacesStore/6a089224-eef2-4f2b-805a-a4cfaa887ac8,195558338227
SPM3.pdf,workspace://SpacesStore/f6309e2c-0902-424a-a539-6a912905a6b9,220663345202
SPM7.pdf,workspace://SpacesStore/4448bc30-7188-46d1-a767-7f82cd68331f,220662970741
F240.pdf,workspace://SpacesStore/5f277744-41bc-4925-963c-9d86930ffd00,203762491924
HR26B.pdf,workspace://SpacesStore/dce012bb-2a16-47ed-a459-574f1e97b4d8,204548740256
E23.pdf,workspace://SpacesStore/69063b48-76ff-47a0-8462-2ef1684ca7f0,195948423623
SI10.pdf,workspace://SpacesStore/4e55aedd-ea4d-4444-8c19-c48500fe46dc,219973891251
M160A.pdf,workspace://SpacesStore/3c53af98-bc99-47a6-9a54-14b6f0124315,204988061294
T27.pdf,workspace://SpacesStore/c1066776-8c00-416b-b445-ab498c151540,220671895188
M189.pdf,workspace://SpacesStore/ae8c23d4-caa3-4159-88fe-ace4ac7e7dda,204989633241
PSY2.pdf,workspace://SpacesStore/024fe534-1b25-42d3-91b0-a96c86774a07,217708189077
M195R.pdf,workspace://SpacesStore/dbb255a1-2b0f-4c7f-951a-56a62515c338,204987975123
F110.pdf,workspace://SpacesStore/30f3c62e-9121-47e5-b6f5-69d21b93c9cf,203771056714
RE48.pdf,workspace://SpacesStore/8d4992b3-9aff-4bec-9bef-5957d758bc1d,219769614430
BP6.pdf,workspace://SpacesStore/ca2e43ca-60c8-4635-bf93-c30cd9445a1e,195567220659
PD7.pdf,workspace://SpacesStore/b9f5de17-812e-47d7-8aa0-3dd9cc939ec7,217699695395
E523.pdf,workspace://SpacesStore/ba162877-cc63-4dd5-a27b-af37e8e804ea,197396956154
SB110B.pdf,workspace://SpacesStore/c876f6d4-0d1c-4c43-8ab5-4297b722acf3,219785440484
DS88B.pdf,workspace://SpacesStore/39df1368-8dd0-453f-96db-a9dbade0c0be,195933530848
F266.pdf,workspace://SpacesStore/1796fc36-e9f6-4202-bd4e-43af60e3db90,203774858205
SB99A.pdf,workspace://SpacesStore/f079d586-8baf-4d31-8d81-6f3754af150a,219783495837
SM154B.pdf,workspace://SpacesStore/b175547f-2b1f-4d69-9924-102ca0d78394,220227819419
E38A.pdf,workspace://SpacesStore/9392111d-756e-4f6e-bda6-16ee3c1f60c1,195942252522
FT49.pdf,workspace://SpacesStore/0ab1b580-130e-4c4e-a58a-779965d948ea,204513752924
F280.pdf,workspace://SpacesStore/d814a15e-f669-486a-b2e7-2f69dd5e69d3,203774923116
E400.pdf,workspace://SpacesStore/fcfbf1a4-1440-44db-8a71-bd8e687ecd0b,197367077188
UM6.pdf,workspace://SpacesStore/a42715af-135a-4c96-b03c-03e31a709742,220677233682
HR32.pdf,workspace://SpacesStore/285bdc83-3a95-4229-bcd4-0afbf2ff649c,204549266855
F264.pdf,workspace://SpacesStore/495a1812-51ce-4ce7-a9d1-1521b6128ccf,203773895886
E542.pdf,workspace://SpacesStore/434de3b4-2e74-45db-9d70-1e249376616d,197396801182
BP142.pdf,workspace://SpacesStore/baf1d971-1c46-41cf-830b-d20a5c3b9e39,195556484670
SM274.pdf,workspace://SpacesStore/2b981f17-aab0-4cdc-9dcf-2b2adfa56542,220467742878
A110.pdf,workspace://SpacesStore/aacbdd25-19ee-49e7-a24e-1404a051b4b6,181922522485
T233.pdf,workspace://SpacesStore/d1d62d78-38f5-41cd-a685-a63e14e61e39,220672276026
MFG724.pdf,workspace://SpacesStore/0882a3db-a5d6-4570-abcb-eedb1ec46e23,205461951486
OB93.pdf,workspace://SpacesStore/a2c8fa57-a31a-498e-ab70-9deb3322b225,208491745464
M243A.pdf,workspace://SpacesStore/210d2b57-ef82-4674-9b27-1b550d43f62d,204994582754
MFG726.pdf,workspace://SpacesStore/b1d307d6-1eb7-49a6-8781-a2bad65605a6,205463619920
E84.pdf,workspace://SpacesStore/86b5d458-bf8a-4244-a99d-588d31e1f24e,196984459507
F207.pdf,workspace://SpacesStore/b082397c-d16e-477c-a75c-33edf29cd331,203762245462
IB40A.pdf,workspace://SpacesStore/759f7aff-d4b5-4640-ae46-417daa2bffff,204558105678
CG14.pdf,workspace://SpacesStore/e812f3ef-1a14-48ca-9914-f9ba78291332,195928340875
BP260C.pdf,workspace://SpacesStore/62091f19-6fcf-4396-9f20-90ba504ec4b7,195564367425
E198.pdf,workspace://SpacesStore/a3d9b823-78a4-404e-8e8f-73bd037a585d,196999545299
SI83.pdf,workspace://SpacesStore/0095316c-9167-41a8-960e-e5d373b9bae1,219792184284
SI108.pdf,workspace://SpacesStore/18a122cf-c353-4a8d-a5a4-ebcb047582f9,219975268888
SM51.pdf,workspace://SpacesStore/84c2d364-c265-4053-ac90-b24cefab1a4a,220210175650
MFG789.pdf,workspace://SpacesStore/f4e210ee-c565-49c0-a826-880175e34097,205462526529
SB91.pdf,workspace://SpacesStore/0bfc2172-490e-4f8d-abcd-ae835d6dafd7,219783839800
E281.pdf,workspace://SpacesStore/978f4f65-a66a-4394-8f08-1da43670e6fb,197011083835
BP246B.pdf,workspace://SpacesStore/36069818-7f92-465e-8e68-ec6ddb5807b2,195558482517
A129.pdf,workspace://SpacesStore/c60ceffc-d874-4ba1-90e3-364a27a4b874,181919840987
OIT74.pdf,workspace://SpacesStore/c9f5355b-308c-4365-9f06-5ff7a8571051,208502434363
T80.pdf,workspace://SpacesStore/0a494c97-cdf8-40af-b614-0c039cd28c22,220669625740
E185.pdf,workspace://SpacesStore/05012d4f-5f89-4bc9-a2e5-5577aee95ff5,197001396866
SPM40B.pdf,workspace://SpacesStore/acce9aba-6c11-4020-a9fe-b35198205000,220661208178
SB109.pdf,workspace://SpacesStore/856bface-dde9-4965-a4ea-bb0b71dcbed5,219784796814
P3-Business358.pdf,workspace://SpacesStore/eb3e0722-0ffc-4438-8a50-5e209540670a,217585544276
BP134.pdf,workspace://SpacesStore/6104f217-b76c-489c-86a9-5ca370596ef7,195556295148
P20A.pdf,workspace://SpacesStore/d3bfb1b5-9265-407c-82a3-fc98c31a987f,217583462096
OB50.pdf,workspace://SpacesStore/2b65b0d7-b74d-4f6a-9f5d-73ce8b992e7a,205477537204
A202.pdf,workspace://SpacesStore/c76eaf0b-0c4d-471e-b268-ce876a847c2f,221867127172
IB63.pdf,workspace://SpacesStore/da6b1050-0bac-4d4d-941c-d8b56c1dccb2,204554824141
HR5.pdf,workspace://SpacesStore/f7134d0e-4c61-4d44-98ad-137b571a69b7,204545136782
P28.pdf,workspace://SpacesStore/d12d008d-d3ee-424c-aaa8-77b15760ed84,217579476778
M241.pdf,workspace://SpacesStore/51f50262-5866-4978-89e7-9137e1badfcf,204992795820
SM25.pdf,workspace://SpacesStore/d44c88d5-b041-49c1-8ed7-828d99ebef30,220185850693
MM9.pdf,workspace://SpacesStore/a6a4436c-f598-4b3b-8808-8a70d30d949c,205467640298
OSA24.pdf,workspace://SpacesStore/aedff4fd-e9d1-4a14-9a4a-f389399179e5,217575273603