348146,"Lessons from Pharmaceutical Product Litigation: Merck and the Vioxx Withdrawal, Cona & McDarby vs. Merck",BME 11.pdf,195529911161
348301,"There's a New Sheriff in Town, Institutional Shareholder Services",CG07.pdf,195928513233
348356,"Corporate Governance Ratings, Got the gradeƒ?? What was the test?",CG08.pdf,195927166439
348796,CPG Inc. (Supplement A): Linda Lane's Private Information,E307A-Supplement.pdf,197360463959
348806,CPG Inc. (Supplement B): Brian Gordon's Private Information,E307B-Supplement.pdf,197360485421
349236,XenSource (A),E267A.pdf,197009583373
349256,Equity Bank (A),E260,197014119626
349466,Search Fund Study - 2001 : Selected Observations and Investor Return Analysis,E120,196996612226
349921,Tiny Prints,E426.pdf,
350606,Blue River Technology B,E480B.pdf,197380254256
350611,Blue River Technology A,E480A.pdf,197380287403
351161,Lucent Technologies: Provisioning and Postponement,GS02.pdf,204530097536
351236,Lucent Technologies: Global Supply Chain Management,GS01.pdf,204526450820
351956,Mercado Libre,IB105 Mercado Libre.pdf,204561291150
351996,The HBT Merger China Role Version,L22CHN.pdf,204977128827
352001,The HBT Merger US Role Version,L22US.pdf,204977236685
352246,JetBlue Creating a Social Brand,M343.pdf,229342285134
352631,Abbott Laboratories and HUMIRA: Launching A Blockbuster Drug,OIT44Condensed.pdf,208506452153
352756,PATH and the Safe Water Project: Improving Access to Safe Water Through Innovative Sales and Distribution Models,OIT108.pdf,208500585530
352761,PATH and the Safe Water Project Empowering the Poor Through User-Centered Design,OIT107.pdf,208500758698
352766,PATH and the Safe Water Project: Making Safe Water Products More Affordable,OIT109.pdf,208500664357
352771,PATH and the Safe Water Project Seeking Market-Based Solutions to Global Health Challenges,OIT106.pdf,208500917908
353486,Heidi Roizen: Growing and Maintaining a Network,Roizen07.mp4,205960646712
353526,Jack Valenti - Lessons Learned,OB55V InformationSheet.pdf,205948504792
353541,Zia Yusuf: Paths to Power,ZiaYusuf09.m4v,205948191088
353656,Rudy Crew - Changing the Impossible,OB56V-04 InformationSheet.pdf,205971315262
353661,Rudy Crew - What Guides a Leader,OB56V-05 InformationSheet.pdf,205971322342
353666,Rudy Crew: Approaching Conflict,OB56V-07 InformationSheet.pdf,205971534867
353701,Laura Esserman - Being an Effective Leader,OB42V-05 InformationSheet.pdf,205910277823
353706,Laura Esserman - Driving Change,OB42V-04 InformationSheet.pdf,205910086768
353751,Keith Ferrazzi - People and Relationships,OB44V Keith Ferrazi.mp4,205505835678
353811,Gary Loveman - Succeeding as an Outsider,OB45V InformationSheet.pdf,205510131137
353816,"Gary Loveman, Paths to Power",OB45V12,205508091988
353846,The Siebel Foundationa and the Meth Project SI114.pdf,219985993035
353901,"John Goldman, Creating the next Generation of Philanthropists",SI112.pdf,219985389555
353961,Innermotion on the Move,SI25V InformationSheet.pdf,219969344181
354116,Altman Foundation (2006),SI84.pdf,219794433134
354201,Transatlantic Community Foundation Network,SI78.pdf,219794056106
354281,Interplast SI57.pdf,219795325290
354311,Sand Hill Foundation,SI56.pdf,219792918176
354446,"Acumen Fund and Embrace, From the Leading Edge of Social Venture Investing",SM191 WithoutFinancials.pdf,220228431573
363336,How Stories Drive Growth: Skype,M348A .pdf,229341105659
386346,Buffettƒ??s Alpha,BuffettsAlpha.pdf,204975895031
386461,CAS WebAuth,Symfony_quick_tour_2.4.pdf,204975931505
386966,Performance Management and Learning at British Petroleum (D),IB16D.pdf,204559265400
386991,"Barbara Meyer, Bert and Mary Meyer Foundation and the Southern Partners Fund",SI118.pdf,219985842973
387006,Landlocked Homes Catching a Falling Knife,RE137 old version.pdf,219766483605
387056,"British Petroleum (A1), Organizing for Performance at BPX",IB16A1.pdf,204559234926
387261,"British Petroleum, Organizing for Performance at BPX",IB16A2.pdf,204559214901
388676,Barclays and the Libor: Anatomy of a Scandal,ETH-03.pdf,203761948897
389631,SM191 DisguisedFinancials-ObtainableFromBillMeehan.pdf,SM191 DisguisedFinancials-ObtainableFromBillMeehan.pdf,220228536704
390021,"Fair Trade USA, Innovating for Impact",SI39B.pdf,219964170047
390051,GiveWell Real Change for Your Dollar,SI122.pdf,219986587049
390131,Suntech Power Holdings (A): The Pre-IPO Years,E347A.pdf,197361391248
390136,Suntech Power Holdings (B): The Post-IPO Years,E347B.pdf,197361397892
390171,E390.pdf,197367330085
390236,Obama and the Power of Social Media and Technology (Condensed Version),M321CV.pdf,229338428360
390426,Graham Weaver,E110.pdf,196997481960
390476,OB43 Condensed.pdf,205473040076
392211,SI01.pdf,219968257390
392331,Triangle Community Foundation,SI09.pdf,219968935796
405011,ChatChat (Co-Founders Version),L25CF.pdf,204978347813
405016,ChatChat (VC Version),L25VC.pdf,204978348248
407036,Dawn Lepore,E576 Background.pdf,203345118925
427047,eBay: Designing Culture Change - The Innovation Playbook,M364.pdf,229422924404
443376,Paradise Bakery & Cafe: The Challenge of Success,SM285.pdf,240627684641
353846,The Siebel Foundationa and the Meth Project,SI114.pdf,219985993035
353906,John and Marcia Goldman Foundation,SI112.pdf,219985389555
354121,Altman Foundation (2007),SI84.pdf,219794433134
354281,Interplast,SI57.pdf,219795325290
386991,"Barbara Meyer, Bert and Mary Meyer Foundation and the Southern Partners Fund",SI118.pdf,219985842973
390171,Franklin Warranty,E390.pdf,197367330085
390476,Liberty Medical Group (Condensed),OB43 Condensed.pdf,205473040076
392211,SI01.pdf,SI01.pdf,219968257390
446136,Paradise Bakery & Cafe: The Challenges of Success,SM285.pdf,240627684641